timeStamp,elapsed,label,responseCode,responseMessage,threadName,dataType,success,failureMessage,bytes,sentBytes,grpThreads,allThreads,URL,Latency,IdleTime,Connect
1589081098553,132,查询_武汉_广州_0509,200,OK,150用户_5次_查询 1-1,text,true,,281208,190,27,27,http://localhost:8080/api/train/from/深圳/to/广州/date/2020-05-09,131,0,0
1589081098744,180,查询_武汉_广州_0509,200,OK,150用户_5次_查询 1-1,text,true,,281208,190,100,100,http://localhost:8080/api/train/from/深圳/to/广州/date/2020-05-09,180,0,0
1589081098771,228,查询_武汉_广州_0509,200,OK,150用户_5次_查询 1-2,text,true,,281208,190,100,100,http://localhost:8080/api/train/from/深圳/to/广州/date/2020-05-09,227,0,0
1589081098770,296,查询_武汉_广州_0509,200,OK,150用户_5次_查询 1-3,text,true,,281208,190,100,100,http://localhost:8080/api/train/from/深圳/to/广州/date/2020-05-09,296,0,0
1589081098770,355,查询_武汉_广州_0509,200,OK,150用户_5次_查询 1-4,text,true,,281208,190,100,100,http://localhost:8080/api/train/from/深圳/to/广州/date/2020-05-09,354,0,0
1589081098769,410,查询_武汉_广州_0509,200,OK,150用户_5次_查询 1-5,text,true,,281208,190,100,100,http://localhost:8080/api/train/from/深圳/to/广州/date/2020-05-09,410,0,0
1589081098769,510,查询_武汉_广州_0509,200,OK,150用户_5次_查询 1-6,text,true,,281208,190,100,100,http://localhost:8080/api/train/from/深圳/to/广州/date/2020-05-09,509,0,0
1589081098769,613,查询_武汉_广州_0509,200,OK,150用户_5次_查询 1-7,text,true,,281208,190,100,100,http://localhost:8080/api/train/from/深圳/to/广州/date/2020-05-09,612,0,0
1589081098769,702,查询_武汉_广州_0509,200,OK,150用户_5次_查询 1-8,text,true,,281208,190,100,100,http://localhost:8080/api/train/from/深圳/to/广州/date/2020-05-09,702,0,0
1589081098769,775,查询_武汉_广州_0509,200,OK,150用户_5次_查询 1-9,text,true,,281208,190,100,100,http://localhost:8080/api/train/from/深圳/to/广州/date/2020-05-09,775,0,0
1589081098769,843,查询_武汉_广州_0509,200,OK,150用户_5次_查询 1-10,text,true,,281208,190,100,100,http://localhost:8080/api/train/from/深圳/to/广州/date/2020-05-09,843,0,0
1589081098769,907,查询_武汉_广州_0509,200,OK,150用户_5次_查询 1-28,text,true,,281208,190,100,100,http://localhost:8080/api/train/from/深圳/to/广州/date/2020-05-09,906,0,0
1589081098769,990,查询_武汉_广州_0509,200,OK,150用户_5次_查询 1-11,text,true,,281208,190,100,100,http://localhost:8080/api/train/from/深圳/to/广州/date/2020-05-09,990,0,0
1589081098769,1088,查询_武汉_广州_0509,200,OK,150用户_5次_查询 1-12,text,true,,281208,190,100,100,http://localhost:8080/api/train/from/深圳/to/广州/date/2020-05-09,1088,0,0
1589081098768,1183,查询_武汉_广州_0509,200,OK,150用户_5次_查询 1-13,text,true,,281208,190,100,100,http://localhost:8080/api/train/from/深圳/to/广州/date/2020-05-09,1183,0,0
1589081098768,1241,查询_武汉_广州_0509,200,OK,150用户_5次_查询 1-14,text,true,,281208,190,100,100,http://localhost:8080/api/train/from/深圳/to/广州/date/2020-05-09,1241,0,0
1589081098768,1316,查询_武汉_广州_0509,200,OK,150用户_5次_查询 1-15,text,true,,281208,190,100,100,http://localhost:8080/api/train/from/深圳/to/广州/date/2020-05-09,1315,0,0
1589081098768,1391,查询_武汉_广州_0509,200,OK,150用户_5次_查询 1-16,text,true,,281208,190,100,100,http://localhost:8080/api/train/from/深圳/to/广州/date/2020-05-09,1391,0,0
1589081098768,1451,查询_武汉_广州_0509,200,OK,150用户_5次_查询 1-17,text,true,,281208,190,100,100,http://localhost:8080/api/train/from/深圳/to/广州/date/2020-05-09,1451,0,0
1589081098768,1539,查询_武汉_广州_0509,200,OK,150用户_5次_查询 1-18,text,true,,281208,190,100,100,http://localhost:8080/api/train/from/深圳/to/广州/date/2020-05-09,1539,0,0
1589081098768,1675,查询_武汉_广州_0509,200,OK,150用户_5次_查询 1-19,text,true,,281208,190,100,100,http://localhost:8080/api/train/from/深圳/to/广州/date/2020-05-09,1674,0,0
1589081098768,1772,查询_武汉_广州_0509,200,OK,150用户_5次_查询 1-20,text,true,,281208,190,100,100,http://localhost:8080/api/train/from/深圳/to/广州/date/2020-05-09,1771,0,0
1589081098768,1876,查询_武汉_广州_0509,200,OK,150用户_5次_查询 1-21,text,true,,281208,190,100,100,http://localhost:8080/api/train/from/深圳/to/广州/date/2020-05-09,1875,0,0
1589081098768,1949,查询_武汉_广州_0509,200,OK,150用户_5次_查询 1-22,text,true,,281208,190,100,100,http://localhost:8080/api/train/from/深圳/to/广州/date/2020-05-09,1948,0,0
1589081098768,2023,查询_武汉_广州_0509,200,OK,150用户_5次_查询 1-23,text,true,,281208,190,100,100,http://localhost:8080/api/train/from/深圳/to/广州/date/2020-05-09,2023,0,0
1589081098768,2085,查询_武汉_广州_0509,200,OK,150用户_5次_查询 1-24,text,true,,281208,190,100,100,http://localhost:8080/api/train/from/深圳/to/广州/date/2020-05-09,2085,0,0
1589081098768,2150,查询_武汉_广州_0509,200,OK,150用户_5次_查询 1-25,text,true,,281208,190,100,100,http://localhost:8080/api/train/from/深圳/to/广州/date/2020-05-09,2150,0,0
1589081098768,2209,查询_武汉_广州_0509,200,OK,150用户_5次_查询 1-26,text,true,,281208,190,100,100,http://localhost:8080/api/train/from/深圳/to/广州/date/2020-05-09,2208,0,0
1589081098924,2152,查询_武汉_广州_0509,200,OK,150用户_5次_查询 1-1,text,true,,281208,190,100,100,http://localhost:8080/api/train/from/深圳/to/广州/date/2020-05-09,2152,0,0
1589081098999,2147,查询_武汉_广州_0509,200,OK,150用户_5次_查询 1-2,text,true,,281208,190,100,100,http://localhost:8080/api/train/from/深圳/to/广州/date/2020-05-09,2146,0,0
1589081099066,2160,查询_武汉_广州_0509,200,OK,150用户_5次_查询 1-3,text,true,,281208,190,100,100,http://localhost:8080/api/train/from/深圳/to/广州/date/2020-05-09,2160,0,0
1589081099125,2294,查询_武汉_广州_0509,200,OK,150用户_5次_查询 1-4,text,true,,281208,190,100,100,http://localhost:8080/api/train/from/深圳/to/广州/date/2020-05-09,2294,0,0
1589081099179,2360,查询_武汉_广州_0509,200,OK,150用户_5次_查询 1-5,text,true,,281208,190,100,100,http://localhost:8080/api/train/from/深圳/to/广州/date/2020-05-09,2359,0,0
1589081099279,2362,查询_武汉_广州_0509,200,OK,150用户_5次_查询 1-6,text,true,,281208,190,100,100,http://localhost:8080/api/train/from/深圳/to/广州/date/2020-05-09,2361,0,0
1589081099382,2366,查询_武汉_广州_0509,200,OK,150用户_5次_查询 1-7,text,true,,281208,190,100,100,http://localhost:8080/api/train/from/深圳/to/广州/date/2020-05-09,2365,0,0
1589081099471,2368,查询_武汉_广州_0509,200,OK,150用户_5次_查询 1-8,text,true,,281208,190,100,100,http://localhost:8080/api/train/from/深圳/to/广州/date/2020-05-09,2368,0,0
1589081099545,2380,查询_武汉_广州_0509,200,OK,150用户_5次_查询 1-9,text,true,,281208,190,100,100,http://localhost:8080/api/train/from/深圳/to/广州/date/2020-05-09,2380,0,0
1589081099612,2389,查询_武汉_广州_0509,200,OK,150用户_5次_查询 1-10,text,true,,281208,190,100,100,http://localhost:8080/api/train/from/深圳/to/广州/date/2020-05-09,2389,0,0
1589081099676,2409,查询_武汉_广州_0509,200,OK,150用户_5次_查询 1-28,text,true,,281208,190,100,100,http://localhost:8080/api/train/from/深圳/to/广州/date/2020-05-09,2409,0,0
1589081099759,2412,查询_武汉_广州_0509,200,OK,150用户_5次_查询 1-11,text,true,,281208,190,100,100,http://localhost:8080/api/train/from/深圳/to/广州/date/2020-05-09,2411,0,0
1589081099858,2397,查询_武汉_广州_0509,200,OK,150用户_5次_查询 1-12,text,true,,281208,190,100,100,http://localhost:8080/api/train/from/深圳/to/广州/date/2020-05-09,2396,0,0
1589081099951,2390,查询_武汉_广州_0509,200,OK,150用户_5次_查询 1-13,text,true,,281208,190,100,100,http://localhost:8080/api/train/from/深圳/to/广州/date/2020-05-09,2389,0,0
1589081100009,2415,查询_武汉_广州_0509,200,OK,150用户_5次_查询 1-14,text,true,,281208,190,100,100,http://localhost:8080/api/train/from/深圳/to/广州/date/2020-05-09,2415,0,0
1589081100084,2417,查询_武汉_广州_0509,200,OK,150用户_5次_查询 1-15,text,true,,281208,190,100,100,http://localhost:8080/api/train/from/深圳/to/广州/date/2020-05-09,2417,0,0
1589081100159,2423,查询_武汉_广州_0509,200,OK,150用户_5次_查询 1-16,text,true,,281208,190,100,100,http://localhost:8080/api/train/from/深圳/to/广州/date/2020-05-09,2423,0,0
1589081100220,2432,查询_武汉_广州_0509,200,OK,150用户_5次_查询 1-17,text,true,,281208,190,100,100,http://localhost:8080/api/train/from/深圳/to/广州/date/2020-05-09,2431,0,0
1589081100308,2435,查询_武汉_广州_0509,200,OK,150用户_5次_查询 1-18,text,true,,281208,190,100,100,http://localhost:8080/api/train/from/深圳/to/广州/date/2020-05-09,2435,0,0
1589081100443,2372,查询_武汉_广州_0509,200,OK,150用户_5次_查询 1-19,text,true,,281208,190,100,100,http://localhost:8080/api/train/from/深圳/to/广州/date/2020-05-09,2371,0,0
1589081100540,2333,查询_武汉_广州_0509,200,OK,150用户_5次_查询 1-20,text,true,,281208,190,100,100,http://localhost:8080/api/train/from/深圳/to/广州/date/2020-05-09,2333,0,0
1589081100644,2291,查询_武汉_广州_0509,200,OK,150用户_5次_查询 1-21,text,true,,281208,190,100,100,http://localhost:8080/api/train/from/深圳/to/广州/date/2020-05-09,2290,0,1
1589081100717,2290,查询_武汉_广州_0509,200,OK,150用户_5次_查询 1-22,text,true,,281208,190,100,100,http://localhost:8080/api/train/from/深圳/to/广州/date/2020-05-09,2290,0,0
1589081100791,2295,查询_武汉_广州_0509,200,OK,150用户_5次_查询 1-23,text,true,,281208,190,100,100,http://localhost:8080/api/train/from/深圳/to/广州/date/2020-05-09,2295,0,1
1589081100853,2302,查询_武汉_广州_0509,200,OK,150用户_5次_查询 1-24,text,true,,281208,190,100,100,http://localhost:8080/api/train/from/深圳/to/广州/date/2020-05-09,2302,0,1
1589081100919,2293,查询_武汉_广州_0509,200,OK,150用户_5次_查询 1-25,text,true,,281208,190,100,100,http://localhost:8080/api/train/from/深圳/to/广州/date/2020-05-09,2292,0,0
1589081100977,2311,查询_武汉_广州_0509,200,OK,150用户_5次_查询 1-26,text,true,,281208,190,100,100,http://localhost:8080/api/train/from/深圳/to/广州/date/2020-05-09,2311,0,0
1589081101076,2282,查询_武汉_广州_0509,200,OK,150用户_5次_查询 1-1,text,true,,281208,190,100,100,http://localhost:8080/api/train/from/深圳/to/广州/date/2020-05-09,2281,0,1
1589081101146,2274,查询_武汉_广州_0509,200,OK,150用户_5次_查询 1-2,text,true,,281208,190,100,100,http://localhost:8080/api/train/from/深圳/to/广州/date/2020-05-09,2273,0,1
1589081101226,2263,查询_武汉_广州_0509,200,OK,150用户_5次_查询 1-3,text,true,,281208,190,100,100,http://localhost:8080/api/train/from/深圳/to/广州/date/2020-05-09,2262,0,1
1589081101419,2119,查询_武汉_广州_0509,200,OK,150用户_5次_查询 1-4,text,true,,281208,190,100,100,http://localhost:8080/api/train/from/深圳/to/广州/date/2020-05-09,2119,0,1
1589081101539,2063,查询_武汉_广州_0509,200,OK,150用户_5次_查询 1-5,text,true,,281208,190,100,100,http://localhost:8080/api/train/from/深圳/to/广州/date/2020-05-09,2062,0,1
1589081101641,2016,查询_武汉_广州_0509,200,OK,150用户_5次_查询 1-6,text,true,,281208,190,100,100,http://localhost:8080/api/train/from/深圳/to/广州/date/2020-05-09,2016,0,0
1589081101748,1970,查询_武汉_广州_0509,200,OK,150用户_5次_查询 1-7,text,true,,281208,190,100,100,http://localhost:8080/api/train/from/深圳/to/广州/date/2020-05-09,1970,0,1
1589081101839,1971,查询_武汉_广州_0509,200,OK,150用户_5次_查询 1-8,text,true,,281208,190,100,100,http://localhost:8080/api/train/from/深圳/to/广州/date/2020-05-09,1971,0,1
1589081101925,1956,查询_武汉_广州_0509,200,OK,150用户_5次_查询 1-9,text,true,,281208,190,100,100,http://localhost:8080/api/train/from/深圳/to/广州/date/2020-05-09,1955,0,1
1589081102001,1921,查询_武汉_广州_0509,200,OK,150用户_5次_查询 1-10,text,true,,281208,190,100,100,http://localhost:8080/api/train/from/深圳/to/广州/date/2020-05-09,1921,0,1
1589081102085,1884,查询_武汉_广州_0509,200,OK,150用户_5次_查询 1-28,text,true,,281208,190,100,100,http://localhost:8080/api/train/from/深圳/to/广州/date/2020-05-09,1884,0,1
1589081102171,1846,查询_武汉_广州_0509,200,OK,150用户_5次_查询 1-11,text,true,,281208,190,100,100,http://localhost:8080/api/train/from/深圳/to/广州/date/2020-05-09,1845,0,0
1589081102255,1826,查询_武汉_广州_0509,200,OK,150用户_5次_查询 1-12,text,true,,281208,190,100,100,http://localhost:8080/api/train/from/深圳/to/广州/date/2020-05-09,1826,0,1
1589081102341,1798,查询_武汉_广州_0509,200,OK,150用户_5次_查询 1-13,text,true,,281208,190,100,100,http://localhost:8080/api/train/from/深圳/to/广州/date/2020-05-09,1798,0,1
1589081102425,1781,查询_武汉_广州_0509,200,OK,150用户_5次_查询 1-14,text,true,,281208,190,100,100,http://localhost:8080/api/train/from/深圳/to/广州/date/2020-05-09,1781,0,0
1589081102501,1759,查询_武汉_广州_0509,200,OK,150用户_5次_查询 1-15,text,true,,281208,190,100,100,http://localhost:8080/api/train/from/深圳/to/广州/date/2020-05-09,1759,0,1
1589081102582,1727,查询_武汉_广州_0509,200,OK,150用户_5次_查询 1-16,text,true,,281208,190,100,100,http://localhost:8080/api/train/from/深圳/to/广州/date/2020-05-09,1727,0,1
1589081102652,1710,查询_武汉_广州_0509,200,OK,150用户_5次_查询 1-17,text,true,,281208,190,100,100,http://localhost:8080/api/train/from/深圳/to/广州/date/2020-05-09,1710,0,0
1589081102743,1671,查询_武汉_广州_0509,200,OK,150用户_5次_查询 1-18,text,true,,281208,190,100,100,http://localhost:8080/api/train/from/深圳/to/广州/date/2020-05-09,1670,0,1
1589081102815,1674,查询_武汉_广州_0509,200,OK,150用户_5次_查询 1-19,text,true,,281208,190,100,100,http://localhost:8080/api/train/from/深圳/to/广州/date/2020-05-09,1673,0,1
1589081102873,1686,查询_武汉_广州_0509,200,OK,150用户_5次_查询 1-20,text,true,,281208,190,100,100,http://localhost:8080/api/train/from/深圳/to/广州/date/2020-05-09,1686,0,1
1589081102935,1683,查询_武汉_广州_0509,200,OK,150用户_5次_查询 1-21,text,true,,281208,190,100,100,http://localhost:8080/api/train/from/深圳/to/广州/date/2020-05-09,1683,0,1
1589081103008,1664,查询_武汉_广州_0509,200,OK,150用户_5次_查询 1-22,text,true,,281208,190,100,100,http://localhost:8080/api/train/from/深圳/to/广州/date/2020-05-09,1664,0,0
1589081103087,1660,查询_武汉_广州_0509,200,OK,150用户_5次_查询 1-23,text,true,,281208,190,100,100,http://localhost:8080/api/train/from/深圳/to/广州/date/2020-05-09,1659,0,1
1589081103156,1669,查询_武汉_广州_0509,200,OK,150用户_5次_查询 1-24,text,true,,281208,190,100,100,http://localhost:8080/api/train/from/深圳/to/广州/date/2020-05-09,1669,0,1
1589081103213,1676,查询_武汉_广州_0509,200,OK,150用户_5次_查询 1-25,text,true,,281208,190,100,100,http://localhost:8080/api/train/from/深圳/to/广州/date/2020-05-09,1676,0,1
1589081103289,1687,查询_武汉_广州_0509,200,OK,150用户_5次_查询 1-26,text,true,,281208,190,100,100,http://localhost:8080/api/train/from/深圳/to/广州/date/2020-05-09,1687,0,1
1589081103359,1673,查询_武汉_广州_0509,200,OK,150用户_5次_查询 1-1,text,true,,281208,190,100,100,http://localhost:8080/api/train/from/深圳/to/广州/date/2020-05-09,1673,0,0
1589081103421,1666,查询_武汉_广州_0509,200,OK,150用户_5次_查询 1-2,text,true,,281208,190,99,99,http://localhost:8080/api/train/from/深圳/to/广州/date/2020-05-09,1666,0,0
1589081103490,1656,查询_武汉_广州_0509,200,OK,150用户_5次_查询 1-3,text,true,,281208,190,99,99,http://localhost:8080/api/train/from/深圳/to/广州/date/2020-05-09,1655,0,0
1589081103540,1666,查询_武汉_广州_0509,200,OK,150用户_5次_查询 1-4,text,true,,281208,190,99,99,http://localhost:8080/api/train/from/深圳/to/广州/date/2020-05-09,1666,0,0
1589081103603,1661,查询_武汉_广州_0509,200,OK,150用户_5次_查询 1-5,text,true,,281208,190,99,99,http://localhost:8080/api/train/from/深圳/to/广州/date/2020-05-09,1660,0,1
1589081103658,1666,查询_武汉_广州_0509,200,OK,150用户_5次_查询 1-6,text,true,,281208,190,99,99,http://localhost:8080/api/train/from/深圳/to/广州/date/2020-05-09,1665,0,1
1589081103720,1677,查询_武汉_广州_0509,200,OK,150用户_5次_查询 1-7,text,true,,281208,190,99,99,http://localhost:8080/api/train/from/深圳/to/广州/date/2020-05-09,1677,0,0
1589081103811,1632,查询_武汉_广州_0509,200,OK,150用户_5次_查询 1-8,text,true,,281208,190,99,99,http://localhost:8080/api/train/from/深圳/to/广州/date/2020-05-09,1631,0,0
1589081103882,1617,查询_武汉_广州_0509,200,OK,150用户_5次_查询 1-9,text,true,,281208,190,99,99,http://localhost:8080/api/train/from/深圳/to/广州/date/2020-05-09,1616,0,0
1589081103923,1630,查询_武汉_广州_0509,200,OK,150用户_5次_查询 1-10,text,true,,281208,190,99,99,http://localhost:8080/api/train/from/深圳/to/广州/date/2020-05-09,1630,0,0
1589081103970,1649,查询_武汉_广州_0509,200,OK,150用户_5次_查询 1-28,text,true,,281208,190,99,99,http://localhost:8080/api/train/from/深圳/to/广州/date/2020-05-09,1648,0,0
1589081104018,1679,查询_武汉_广州_0509,200,OK,150用户_5次_查询 1-11,text,true,,281208,190,99,99,http://localhost:8080/api/train/from/深圳/to/广州/date/2020-05-09,1676,0,0
1589081104082,1672,查询_武汉_广州_0509,200,OK,150用户_5次_查询 1-12,text,true,,281208,190,99,99,http://localhost:8080/api/train/from/深圳/to/广州/date/2020-05-09,1672,0,0
1589081104140,1672,查询_武汉_广州_0509,200,OK,150用户_5次_查询 1-13,text,true,,281208,190,99,99,http://localhost:8080/api/train/from/深圳/to/广州/date/2020-05-09,1672,0,0
1589081104208,1651,查询_武汉_广州_0509,200,OK,150用户_5次_查询 1-14,text,true,,281208,190,99,99,http://localhost:8080/api/train/from/深圳/to/广州/date/2020-05-09,1651,0,0
1589081104261,1674,查询_武汉_广州_0509,200,OK,150用户_5次_查询 1-15,text,true,,281208,190,99,99,http://localhost:8080/api/train/from/深圳/to/广州/date/2020-05-09,1674,0,0
1589081104311,1700,查询_武汉_广州_0509,200,OK,150用户_5次_查询 1-16,text,true,,281208,190,99,99,http://localhost:8080/api/train/from/深圳/to/广州/date/2020-05-09,1699,0,0
1589081104363,1713,查询_武汉_广州_0509,200,OK,150用户_5次_查询 1-17,text,true,,281208,190,99,99,http://localhost:8080/api/train/from/深圳/to/广州/date/2020-05-09,1713,0,0
1589081104415,1728,查询_武汉_广州_0509,200,OK,150用户_5次_查询 1-18,text,true,,281208,190,99,99,http://localhost:8080/api/train/from/深圳/to/广州/date/2020-05-09,1728,0,0
1589081104490,1709,查询_武汉_广州_0509,200,OK,150用户_5次_查询 1-19,text,true,,281208,190,99,99,http://localhost:8080/api/train/from/深圳/to/广州/date/2020-05-09,1709,0,0
1589081104560,1692,查询_武汉_广州_0509,200,OK,150用户_5次_查询 1-20,text,true,,281208,190,99,99,http://localhost:8080/api/train/from/深圳/to/广州/date/2020-05-09,1692,0,0
1589081104619,1685,查询_武汉_广州_0509,200,OK,150用户_5次_查询 1-21,text,true,,281208,190,99,99,http://localhost:8080/api/train/from/深圳/to/广州/date/2020-05-09,1685,0,0
1589081104673,1675,查询_武汉_广州_0509,200,OK,150用户_5次_查询 1-22,text,true,,281208,190,99,99,http://localhost:8080/api/train/from/深圳/to/广州/date/2020-05-09,1675,0,0
1589081104747,1650,查询_武汉_广州_0509,200,OK,150用户_5次_查询 1-23,text,true,,281208,190,99,99,http://localhost:8080/api/train/from/深圳/to/广州/date/2020-05-09,1649,0,0
1589081104825,1626,查询_武汉_广州_0509,200,OK,150用户_5次_查询 1-24,text,true,,281208,190,99,99,http://localhost:8080/api/train/from/深圳/to/广州/date/2020-05-09,1626,0,0
1589081104826,1686,查询_武汉_广州_0509,200,OK,150用户_5次_查询 1-100,text,true,,281208,190,99,99,http://localhost:8080/api/train/from/深圳/to/广州/date/2020-05-09,1686,0,3
1589081104827,1763,查询_武汉_广州_0509,200,OK,150用户_5次_查询 1-98,text,true,,281208,190,99,99,http://localhost:8080/api/train/from/深圳/to/广州/date/2020-05-09,1762,0,0
1589081104827,1826,查询_武汉_广州_0509,200,OK,150用户_5次_查询 1-96,text,true,,281208,190,99,99,http://localhost:8080/api/train/from/深圳/to/广州/date/2020-05-09,1826,0,0
1589081104827,1886,查询_武汉_广州_0509,200,OK,150用户_5次_查询 1-95,text,true,,281208,190,99,99,http://localhost:8080/api/train/from/深圳/to/广州/date/2020-05-09,1886,0,1
1589081104827,1954,查询_武汉_广州_0509,200,OK,150用户_5次_查询 1-99,text,true,,281208,190,99,99,http://localhost:8080/api/train/from/深圳/to/广州/date/2020-05-09,1954,0,2
1589081104828,2012,查询_武汉_广州_0509,200,OK,150用户_5次_查询 1-94,text,true,,281208,190,99,99,http://localhost:8080/api/train/from/深圳/to/广州/date/2020-05-09,2012,0,0
1589081104828,2083,查询_武汉_广州_0509,200,OK,150用户_5次_查询 1-97,text,true,,281208,190,99,99,http://localhost:8080/api/train/from/深圳/to/广州/date/2020-05-09,2083,0,1
1589081104828,2151,查询_武汉_广州_0509,200,OK,150用户_5次_查询 1-93,text,true,,281208,190,99,99,http://localhost:8080/api/train/from/深圳/to/广州/date/2020-05-09,2150,0,1
1589081104889,2150,查询_武汉_广州_0509,200,OK,150用户_5次_查询 1-25,text,true,,281208,190,99,99,http://localhost:8080/api/train/from/深圳/to/广州/date/2020-05-09,2149,0,0
1589081104889,2198,查询_武汉_广州_0509,200,OK,150用户_5次_查询 1-92,text,true,,281208,190,99,99,http://localhost:8080/api/train/from/深圳/to/广州/date/2020-05-09,2197,0,1
1589081104889,2244,查询_武汉_广州_0509,200,OK,150用户_5次_查询 1-88,text,true,,281208,190,99,99,http://localhost:8080/api/train/from/深圳/to/广州/date/2020-05-09,2244,0,2
1589081104895,2282,查询_武汉_广州_0509,200,OK,150用户_5次_查询 1-37,text,true,,281208,190,99,99,http://localhost:8080/api/train/from/深圳/to/广州/date/2020-05-09,2282,0,7
1589081104895,2328,查询_武汉_广州_0509,200,OK,150用户_5次_查询 1-44,text,true,,281208,190,99,99,http://localhost:8080/api/train/from/深圳/to/广州/date/2020-05-09,2328,0,7
1589081104895,2373,查询_武汉_广州_0509,200,OK,150用户_5次_查询 1-47,text,true,,281208,190,99,99,http://localhost:8080/api/train/from/深圳/to/广州/date/2020-05-09,2373,0,7
1589081104895,2418,查询_武汉_广州_0509,200,OK,150用户_5次_查询 1-39,text,true,,281208,190,99,99,http://localhost:8080/api/train/from/深圳/to/广州/date/2020-05-09,2417,0,7
1589081104896,2465,查询_武汉_广州_0509,200,OK,150用户_5次_查询 1-45,text,true,,281208,190,99,99,http://localhost:8080/api/train/from/深圳/to/广州/date/2020-05-09,2465,0,6
1589081104895,2517,查询_武汉_广州_0509,200,OK,150用户_5次_查询 1-36,text,true,,281208,190,99,99,http://localhost:8080/api/train/from/深圳/to/广州/date/2020-05-09,2516,0,7
1589081104896,2569,查询_武汉_广州_0509,200,OK,150用户_5次_查询 1-56,text,true,,281208,190,99,99,http://localhost:8080/api/train/from/深圳/to/广州/date/2020-05-09,2569,0,6
1589081104896,2617,查询_武汉_广州_0509,200,OK,150用户_5次_查询 1-40,text,true,,281208,190,99,99,http://localhost:8080/api/train/from/深圳/to/广州/date/2020-05-09,2616,0,6
1589081104896,2696,查询_武汉_广州_0509,200,OK,150用户_5次_查询 1-43,text,true,,281208,190,99,99,http://localhost:8080/api/train/from/深圳/to/广州/date/2020-05-09,2696,0,6
1589081104896,2774,查询_武汉_广州_0509,200,OK,150用户_5次_查询 1-35,text,true,,281208,190,99,99,http://localhost:8080/api/train/from/深圳/to/广州/date/2020-05-09,2773,0,6
1589081104896,2853,查询_武汉_广州_0509,200,OK,150用户_5次_查询 1-41,text,true,,281208,190,99,99,http://localhost:8080/api/train/from/深圳/to/广州/date/2020-05-09,2851,0,6
1589081104896,2921,查询_武汉_广州_0509,200,OK,150用户_5次_查询 1-33,text,true,,281208,190,99,99,http://localhost:8080/api/train/from/深圳/to/广州/date/2020-05-09,2920,0,6
1589081104896,2972,查询_武汉_广州_0509,200,OK,150用户_5次_查询 1-42,text,true,,281208,190,99,99,http://localhost:8080/api/train/from/深圳/to/广州/date/2020-05-09,2971,0,6
1589081104896,3022,查询_武汉_广州_0509,200,OK,150用户_5次_查询 1-32,text,true,,281208,190,99,99,http://localhost:8080/api/train/from/深圳/to/广州/date/2020-05-09,3022,0,6
1589081104896,3076,查询_武汉_广州_0509,200,OK,150用户_5次_查询 1-29,text,true,,281208,190,99,99,http://localhost:8080/api/train/from/深圳/to/广州/date/2020-05-09,3076,0,6
1589081104896,3131,查询_武汉_广州_0509,200,OK,150用户_5次_查询 1-27,text,true,,281208,190,99,99,http://localhost:8080/api/train/from/深圳/to/广州/date/2020-05-09,3130,0,6
1589081104896,3183,查询_武汉_广州_0509,200,OK,150用户_5次_查询 1-91,text,true,,281208,190,99,99,http://localhost:8080/api/train/from/深圳/to/广州/date/2020-05-09,3183,0,6
1589081104896,3231,查询_武汉_广州_0509,200,OK,150用户_5次_查询 1-30,text,true,,281208,190,99,99,http://localhost:8080/api/train/from/深圳/to/广州/date/2020-05-09,3230,0,5
1589081104895,3299,查询_武汉_广州_0509,200,OK,150用户_5次_查询 1-59,text,true,,281208,190,99,99,http://localhost:8080/api/train/from/深圳/to/广州/date/2020-05-09,3299,0,5
1589081104890,3364,查询_武汉_广州_0509,200,OK,150用户_5次_查询 1-72,text,true,,281208,190,99,99,http://localhost:8080/api/train/from/深圳/to/广州/date/2020-05-09,3364,0,7
1589081104889,3424,查询_武汉_广州_0509,200,OK,150用户_5次_查询 1-89,text,true,,281208,190,99,99,http://localhost:8080/api/train/from/深圳/to/广州/date/2020-05-09,3424,0,5
1589081104890,3477,查询_武汉_广州_0509,200,OK,150用户_5次_查询 1-85,text,true,,281208,190,99,99,http://localhost:8080/api/train/from/深圳/to/广州/date/2020-05-09,3476,0,7
1589081104890,3534,查询_武汉_广州_0509,200,OK,150用户_5次_查询 1-83,text,true,,281208,190,99,99,http://localhost:8080/api/train/from/深圳/to/广州/date/2020-05-09,3534,0,4
1589081104890,3584,查询_武汉_广州_0509,200,OK,150用户_5次_查询 1-87,text,true,,281208,190,99,99,http://localhost:8080/api/train/from/深圳/to/广州/date/2020-05-09,3584,0,4
1589081104890,3635,查询_武汉_广州_0509,200,OK,150用户_5次_查询 1-84,text,true,,281208,190,99,99,http://localhost:8080/api/train/from/深圳/to/广州/date/2020-05-09,3635,0,4
1589081104890,3694,查询_武汉_广州_0509,200,OK,150用户_5次_查询 1-90,text,true,,281208,190,99,99,http://localhost:8080/api/train/from/深圳/to/广州/date/2020-05-09,3694,0,4
1589081104890,3765,查询_武汉_广州_0509,200,OK,150用户_5次_查询 1-81,text,true,,281208,190,99,99,http://localhost:8080/api/train/from/深圳/to/广州/date/2020-05-09,3764,0,7
1589081104890,3828,查询_武汉_广州_0509,200,OK,150用户_5次_查询 1-68,text,true,,281208,190,99,99,http://localhost:8080/api/train/from/深圳/to/广州/date/2020-05-09,3827,0,7
1589081104890,3887,查询_武汉_广州_0509,200,OK,150用户_5次_查询 1-82,text,true,,281208,190,99,99,http://localhost:8080/api/train/from/深圳/to/广州/date/2020-05-09,3887,0,3
1589081104890,3944,查询_武汉_广州_0509,200,OK,150用户_5次_查询 1-58,text,true,,281208,190,99,99,http://localhost:8080/api/train/from/深圳/to/广州/date/2020-05-09,3943,0,7
1589081104890,3989,查询_武汉_广州_0509,200,OK,150用户_5次_查询 1-64,text,true,,281208,190,99,99,http://localhost:8080/api/train/from/深圳/to/广州/date/2020-05-09,3989,0,7
1589081104890,4041,查询_武汉_广州_0509,200,OK,150用户_5次_查询 1-80,text,true,,281208,190,99,99,http://localhost:8080/api/train/from/深圳/to/广州/date/2020-05-09,4041,0,2
1589081104890,4089,查询_武汉_广州_0509,200,OK,150用户_5次_查询 1-86,text,true,,281208,190,99,99,http://localhost:8080/api/train/from/深圳/to/广州/date/2020-05-09,4088,0,7
1589081104890,4149,查询_武汉_广州_0509,200,OK,150用户_5次_查询 1-79,text,true,,281208,190,99,99,http://localhost:8080/api/train/from/深圳/to/广州/date/2020-05-09,4149,0,7
1589081104890,4208,查询_武汉_广州_0509,200,OK,150用户_5次_查询 1-78,text,true,,281208,190,99,99,http://localhost:8080/api/train/from/深圳/to/广州/date/2020-05-09,4208,0,7
1589081104891,4266,查询_武汉_广州_0509,200,OK,150用户_5次_查询 1-74,text,true,,281208,190,99,99,http://localhost:8080/api/train/from/深圳/to/广州/date/2020-05-09,4266,0,1
1589081104890,4312,查询_武汉_广州_0509,200,OK,150用户_5次_查询 1-77,text,true,,281208,190,99,99,http://localhost:8080/api/train/from/深圳/to/广州/date/2020-05-09,4312,0,7
1589081104891,4375,查询_武汉_广州_0509,200,OK,150用户_5次_查询 1-76,text,true,,281208,190,99,99,http://localhost:8080/api/train/from/深圳/to/广州/date/2020-05-09,4374,0,6
1589081104891,4448,查询_武汉_广州_0509,200,OK,150用户_5次_查询 1-70,text,true,,281208,190,99,99,http://localhost:8080/api/train/from/深圳/to/广州/date/2020-05-09,4447,0,5
1589081104891,4505,查询_武汉_广州_0509,200,OK,150用户_5次_查询 1-73,text,true,,281208,190,99,99,http://localhost:8080/api/train/from/深圳/to/广州/date/2020-05-09,4505,0,0
1589081104895,4547,查询_武汉_广州_0509,200,OK,150用户_5次_查询 1-38,text,true,,281208,190,99,99,http://localhost:8080/api/train/from/深圳/to/广州/date/2020-05-09,4546,0,6
1589081104895,4596,查询_武汉_广州_0509,200,OK,150用户_5次_查询 1-46,text,true,,281208,190,99,99,http://localhost:8080/api/train/from/深圳/to/广州/date/2020-05-09,4596,0,7
1589081104895,4644,查询_武汉_广州_0509,200,OK,150用户_5次_查询 1-69,text,true,,281208,190,99,99,http://localhost:8080/api/train/from/深圳/to/广州/date/2020-05-09,4644,0,7
1589081104895,4713,查询_武汉_广州_0509,200,OK,150用户_5次_查询 1-48,text,true,,281208,190,99,99,http://localhost:8080/api/train/from/深圳/to/广州/date/2020-05-09,4712,0,7
1589081104895,4768,查询_武汉_广州_0509,200,OK,150用户_5次_查询 1-67,text,true,,281208,190,99,99,http://localhost:8080/api/train/from/深圳/to/广州/date/2020-05-09,4768,0,7
1589081104895,4837,查询_武汉_广州_0509,200,OK,150用户_5次_查询 1-65,text,true,,281208,190,99,99,http://localhost:8080/api/train/from/深圳/to/广州/date/2020-05-09,4836,0,7
1589081104895,4913,查询_武汉_广州_0509,200,OK,150用户_5次_查询 1-55,text,true,,281208,190,99,99,http://localhost:8080/api/train/from/深圳/to/广州/date/2020-05-09,4913,0,7
1589081104895,4992,查询_武汉_广州_0509,200,OK,150用户_5次_查询 1-54,text,true,,281208,190,99,99,http://localhost:8080/api/train/from/深圳/to/广州/date/2020-05-09,4991,0,7
1589081104895,5053,查询_武汉_广州_0509,200,OK,150用户_5次_查询 1-75,text,true,,281208,190,99,99,http://localhost:8080/api/train/from/深圳/to/广州/date/2020-05-09,5053,0,7
1589081104895,5099,查询_武汉_广州_0509,200,OK,150用户_5次_查询 1-57,text,true,,281208,190,99,99,http://localhost:8080/api/train/from/深圳/to/广州/date/2020-05-09,5099,0,7
1589081104895,5146,查询_武汉_广州_0509,200,OK,150用户_5次_查询 1-49,text,true,,281208,190,99,99,http://localhost:8080/api/train/from/深圳/to/广州/date/2020-05-09,5145,0,7
1589081104895,5197,查询_武汉_广州_0509,200,OK,150用户_5次_查询 1-50,text,true,,281208,190,99,99,http://localhost:8080/api/train/from/深圳/to/广州/date/2020-05-09,5197,0,7
1589081104895,5248,查询_武汉_广州_0509,200,OK,150用户_5次_查询 1-52,text,true,,281208,190,99,99,http://localhost:8080/api/train/from/深圳/to/广州/date/2020-05-09,5247,0,7
1589081104895,5312,查询_武汉_广州_0509,200,OK,150用户_5次_查询 1-51,text,true,,281208,190,99,99,http://localhost:8080/api/train/from/深圳/to/广州/date/2020-05-09,5312,0,7
1589081104895,5380,查询_武汉_广州_0509,200,OK,150用户_5次_查询 1-53,text,true,,281208,190,99,99,http://localhost:8080/api/train/from/深圳/to/广州/date/2020-05-09,5379,0,7
1589081104895,5448,查询_武汉_广州_0509,200,OK,150用户_5次_查询 1-61,text,true,,281208,190,99,99,http://localhost:8080/api/train/from/深圳/to/广州/date/2020-05-09,5447,0,7
1589081104895,5500,查询_武汉_广州_0509,200,OK,150用户_5次_查询 1-63,text,true,,281208,190,99,99,http://localhost:8080/api/train/from/深圳/to/广州/date/2020-05-09,5499,0,7
1589081104895,5551,查询_武汉_广州_0509,200,OK,150用户_5次_查询 1-62,text,true,,281208,190,99,99,http://localhost:8080/api/train/from/深圳/to/广州/date/2020-05-09,5551,0,8
1589081104894,5607,查询_武汉_广州_0509,200,OK,150用户_5次_查询 1-66,text,true,,281208,190,99,99,http://localhost:8080/api/train/from/深圳/to/广州/date/2020-05-09,5607,0,9
1589081104894,5680,查询_武汉_广州_0509,200,OK,150用户_5次_查询 1-71,text,true,,281208,190,99,99,http://localhost:8080/api/train/from/深圳/to/广州/date/2020-05-09,5679,0,9
1589081104897,5757,查询_武汉_广州_0509,200,OK,150用户_5次_查询 1-34,text,true,,281208,190,99,99,http://localhost:8080/api/train/from/深圳/to/广州/date/2020-05-09,5756,0,6
1589081104897,5839,查询_武汉_广州_0509,200,OK,150用户_5次_查询 1-31,text,true,,281208,190,99,99,http://localhost:8080/api/train/from/深圳/to/广州/date/2020-05-09,5838,0,6
1589081104895,5908,查询_武汉_广州_0509,200,OK,150用户_5次_查询 1-60,text,true,,281208,190,99,99,http://localhost:8080/api/train/from/深圳/to/广州/date/2020-05-09,5908,0,8
1589081104976,5887,查询_武汉_广州_0509,200,OK,150用户_5次_查询 1-26,text,true,,281208,190,99,99,http://localhost:8080/api/train/from/深圳/to/广州/date/2020-05-09,5887,0,0
1589081105087,5828,查询_武汉_广州_0509,200,OK,150用户_5次_查询 1-2,text,true,,281208,190,99,99,http://localhost:8080/api/train/from/深圳/to/广州/date/2020-05-09,5827,0,0
1589081105146,5819,查询_武汉_广州_0509,200,OK,150用户_5次_查询 1-3,text,true,,281208,190,98,98,http://localhost:8080/api/train/from/深圳/to/广州/date/2020-05-09,5818,0,0
1589081105207,5807,查询_武汉_广州_0509,200,OK,150用户_5次_查询 1-4,text,true,,281208,190,97,97,http://localhost:8080/api/train/from/深圳/to/广州/date/2020-05-09,5806,0,0
1589081105265,5810,查询_武汉_广州_0509,200,OK,150用户_5次_查询 1-5,text,true,,281208,190,96,96,http://localhost:8080/api/train/from/深圳/to/广州/date/2020-05-09,5809,0,0
1589081105324,5819,查询_武汉_广州_0509,200,OK,150用户_5次_查询 1-6,text,true,,281208,190,95,95,http://localhost:8080/api/train/from/深圳/to/广州/date/2020-05-09,5818,0,0
1589081105398,5805,查询_武汉_广州_0509,200,OK,150用户_5次_查询 1-7,text,true,,281208,190,94,94,http://localhost:8080/api/train/from/深圳/to/广州/date/2020-05-09,5804,0,0
1589081105443,5818,查询_武汉_广州_0509,200,OK,150用户_5次_查询 1-8,text,true,,281208,190,93,93,http://localhost:8080/api/train/from/深圳/to/广州/date/2020-05-09,5817,0,0
1589081105499,5821,查询_武汉_广州_0509,200,OK,150用户_5次_查询 1-9,text,true,,281208,190,92,92,http://localhost:8080/api/train/from/深圳/to/广州/date/2020-05-09,5821,0,0
1589081105554,5831,查询_武汉_广州_0509,200,OK,150用户_5次_查询 1-10,text,true,,281208,190,91,91,http://localhost:8080/api/train/from/深圳/to/广州/date/2020-05-09,5830,0,0
1589081105619,5828,查询_武汉_广州_0509,200,OK,150用户_5次_查询 1-28,text,true,,281208,190,90,90,http://localhost:8080/api/train/from/深圳/to/广州/date/2020-05-09,5828,0,1
1589081105697,5809,查询_武汉_广州_0509,200,OK,150用户_5次_查询 1-11,text,true,,281208,190,89,89,http://localhost:8080/api/train/from/深圳/to/广州/date/2020-05-09,5808,0,1
1589081105755,5812,查询_武汉_广州_0509,200,OK,150用户_5次_查询 1-12,text,true,,281208,190,88,88,http://localhost:8080/api/train/from/深圳/to/广州/date/2020-05-09,5812,0,0
1589081105812,5823,查询_武汉_广州_0509,200,OK,150用户_5次_查询 1-13,text,true,,281208,190,87,87,http://localhost:8080/api/train/from/深圳/to/广州/date/2020-05-09,5822,0,1
1589081105860,5830,查询_武汉_广州_0509,200,OK,150用户_5次_查询 1-14,text,true,,281208,190,86,86,http://localhost:8080/api/train/from/深圳/to/广州/date/2020-05-09,5828,0,0
1589081105936,5820,查询_武汉_广州_0509,200,OK,150用户_5次_查询 1-15,text,true,,281208,190,85,85,http://localhost:8080/api/train/from/深圳/to/广州/date/2020-05-09,5820,0,0
1589081106011,5800,查询_武汉_广州_0509,200,OK,150用户_5次_查询 1-16,text,true,,281208,190,84,84,http://localhost:8080/api/train/from/深圳/to/广州/date/2020-05-09,5799,0,1
1589081106077,5782,查询_武汉_广州_0509,200,OK,150用户_5次_查询 1-17,text,true,,281208,190,83,83,http://localhost:8080/api/train/from/深圳/to/广州/date/2020-05-09,5782,0,0
1589081106143,5760,查询_武汉_广州_0509,200,OK,150用户_5次_查询 1-18,text,true,,281208,190,82,82,http://localhost:8080/api/train/from/深圳/to/广州/date/2020-05-09,5759,0,1
1589081106200,5748,查询_武汉_广州_0509,200,OK,150用户_5次_查询 1-19,text,true,,281208,190,81,81,http://localhost:8080/api/train/from/深圳/to/广州/date/2020-05-09,5748,0,0
1589081106252,5750,查询_武汉_广州_0509,200,OK,150用户_5次_查询 1-20,text,true,,281208,190,80,80,http://localhost:8080/api/train/from/深圳/to/广州/date/2020-05-09,5750,0,1
1589081106305,5749,查询_武汉_广州_0509,200,OK,150用户_5次_查询 1-21,text,true,,281208,190,79,79,http://localhost:8080/api/train/from/深圳/to/广州/date/2020-05-09,5748,0,0
1589081106348,5749,查询_武汉_广州_0509,200,OK,150用户_5次_查询 1-22,text,true,,281208,190,78,78,http://localhost:8080/api/train/from/深圳/to/广州/date/2020-05-09,5748,0,1
1589081106397,5750,查询_武汉_广州_0509,200,OK,150用户_5次_查询 1-23,text,true,,281208,190,77,77,http://localhost:8080/api/train/from/深圳/to/广州/date/2020-05-09,5749,0,1
1589081106451,5741,查询_武汉_广州_0509,200,OK,150用户_5次_查询 1-24,text,true,,281208,190,76,76,http://localhost:8080/api/train/from/深圳/to/广州/date/2020-05-09,5741,0,1
1589081106513,5734,查询_武汉_广州_0509,200,OK,150用户_5次_查询 1-100,text,true,,281208,190,75,75,http://localhost:8080/api/train/from/深圳/to/广州/date/2020-05-09,5733,0,0
1589081106590,5717,查询_武汉_广州_0509,200,OK,150用户_5次_查询 1-98,text,true,,281208,190,75,75,http://localhost:8080/api/train/from/深圳/to/广州/date/2020-05-09,5717,0,0
1589081106653,5704,查询_武汉_广州_0509,200,OK,150用户_5次_查询 1-96,text,true,,281208,190,75,75,http://localhost:8080/api/train/from/深圳/to/广州/date/2020-05-09,5703,0,0
1589081106713,5698,查询_武汉_广州_0509,200,OK,150用户_5次_查询 1-95,text,true,,281208,190,75,75,http://localhost:8080/api/train/from/深圳/to/广州/date/2020-05-09,5698,0,0
1589081106781,5689,查询_武汉_广州_0509,200,OK,150用户_5次_查询 1-99,text,true,,281208,190,75,75,http://localhost:8080/api/train/from/深圳/to/广州/date/2020-05-09,5688,0,0
1589081106840,5677,查询_武汉_广州_0509,200,OK,150用户_5次_查询 1-94,text,true,,281208,190,75,75,http://localhost:8080/api/train/from/深圳/to/广州/date/2020-05-09,5676,0,1
1589081106911,5653,查询_武汉_广州_0509,200,OK,150用户_5次_查询 1-97,text,true,,281208,190,75,75,http://localhost:8080/api/train/from/深圳/to/广州/date/2020-05-09,5653,0,1
1589081106979,5649,查询_武汉_广州_0509,200,OK,150用户_5次_查询 1-93,text,true,,281208,190,75,75,http://localhost:8080/api/train/from/深圳/to/广州/date/2020-05-09,5648,0,1
1589081107039,5643,查询_武汉_广州_0509,200,OK,150用户_5次_查询 1-25,text,true,,281208,190,75,75,http://localhost:8080/api/train/from/深圳/to/广州/date/2020-05-09,5643,0,0
1589081107087,5674,查询_武汉_广州_0509,200,OK,150用户_5次_查询 1-92,text,true,,281208,190,74,74,http://localhost:8080/api/train/from/深圳/to/广州/date/2020-05-09,5673,0,1
1589081107133,5681,查询_武汉_广州_0509,200,OK,150用户_5次_查询 1-88,text,true,,281208,190,74,74,http://localhost:8080/api/train/from/深圳/to/广州/date/2020-05-09,5680,0,1
1589081107177,5700,查询_武汉_广州_0509,200,OK,150用户_5次_查询 1-37,text,true,,281208,190,74,74,http://localhost:8080/api/train/from/深圳/to/广州/date/2020-05-09,5699,0,1
1589081107224,5711,查询_武汉_广州_0509,200,OK,150用户_5次_查询 1-44,text,true,,281208,190,74,74,http://localhost:8080/api/train/from/深圳/to/广州/date/2020-05-09,5710,0,0
1589081107268,5716,查询_武汉_广州_0509,200,OK,150用户_5次_查询 1-47,text,true,,281208,190,74,74,http://localhost:8080/api/train/from/深圳/to/广州/date/2020-05-09,5716,0,1
1589081107313,5730,查询_武汉_广州_0509,200,OK,150用户_5次_查询 1-39,text,true,,281208,190,74,74,http://localhost:8080/api/train/from/深圳/to/广州/date/2020-05-09,5729,0,0
1589081107361,5731,查询_武汉_广州_0509,200,OK,150用户_5次_查询 1-45,text,true,,281208,190,74,74,http://localhost:8080/api/train/from/深圳/to/广州/date/2020-05-09,5730,0,1
1589081107412,5734,查询_武汉_广州_0509,200,OK,150用户_5次_查询 1-36,text,true,,281208,190,74,74,http://localhost:8080/api/train/from/深圳/to/广州/date/2020-05-09,5734,0,0
1589081107465,5736,查询_武汉_广州_0509,200,OK,150用户_5次_查询 1-56,text,true,,281208,190,74,74,http://localhost:8080/api/train/from/深圳/to/广州/date/2020-05-09,5735,0,1
1589081107513,5739,查询_武汉_广州_0509,200,OK,150用户_5次_查询 1-40,text,true,,281208,190,74,74,http://localhost:8080/api/train/from/深圳/to/广州/date/2020-05-09,5738,0,1
1589081107592,5712,查询_武汉_广州_0509,200,OK,150用户_5次_查询 1-43,text,true,,281208,190,74,74,http://localhost:8080/api/train/from/深圳/to/广州/date/2020-05-09,5712,0,1
1589081107670,5687,查询_武汉_广州_0509,200,OK,150用户_5次_查询 1-35,text,true,,281208,190,74,74,http://localhost:8080/api/train/from/深圳/to/广州/date/2020-05-09,5686,0,0
1589081107749,5653,查询_武汉_广州_0509,200,OK,150用户_5次_查询 1-41,text,true,,281208,190,74,74,http://localhost:8080/api/train/from/深圳/to/广州/date/2020-05-09,5652,0,2
1589081107817,5627,查询_武汉_广州_0509,200,OK,150用户_5次_查询 1-33,text,true,,281208,190,74,74,http://localhost:8080/api/train/from/深圳/to/广州/date/2020-05-09,5627,0,1
1589081107868,5628,查询_武汉_广州_0509,200,OK,150用户_5次_查询 1-42,text,true,,281208,190,74,74,http://localhost:8080/api/train/from/深圳/to/广州/date/2020-05-09,5628,0,1
1589081107918,5625,查询_武汉_广州_0509,200,OK,150用户_5次_查询 1-32,text,true,,281208,190,74,74,http://localhost:8080/api/train/from/深圳/to/广州/date/2020-05-09,5625,0,1
1589081107973,5624,查询_武汉_广州_0509,200,OK,150用户_5次_查询 1-29,text,true,,281208,190,74,74,http://localhost:8080/api/train/from/深圳/to/广州/date/2020-05-09,5624,0,0
1589081108027,5620,查询_武汉_广州_0509,200,OK,150用户_5次_查询 1-27,text,true,,281208,190,74,74,http://localhost:8080/api/train/from/深圳/to/广州/date/2020-05-09,5620,0,0
1589081108079,5622,查询_武汉_广州_0509,200,OK,150用户_5次_查询 1-91,text,true,,281208,190,74,74,http://localhost:8080/api/train/from/深圳/to/广州/date/2020-05-09,5622,0,1
1589081108127,5631,查询_武汉_广州_0509,200,OK,150用户_5次_查询 1-30,text,true,,281208,190,74,74,http://localhost:8080/api/train/from/深圳/to/广州/date/2020-05-09,5630,0,1
1589081108194,5614,查询_武汉_广州_0509,200,OK,150用户_5次_查询 1-59,text,true,,281208,190,74,74,http://localhost:8080/api/train/from/深圳/to/广州/date/2020-05-09,5614,0,1
1589081108255,5614,查询_武汉_广州_0509,200,OK,150用户_5次_查询 1-72,text,true,,281208,190,74,74,http://localhost:8080/api/train/from/深圳/to/广州/date/2020-05-09,5613,0,0
1589081108313,5614,查询_武汉_广州_0509,200,OK,150用户_5次_查询 1-89,text,true,,281208,190,74,74,http://localhost:8080/api/train/from/深圳/to/广州/date/2020-05-09,5613,0,1
1589081108367,5605,查询_武汉_广州_0509,200,OK,150用户_5次_查询 1-85,text,true,,281208,190,74,74,http://localhost:8080/api/train/from/深圳/to/广州/date/2020-05-09,5605,0,1
1589081108424,5599,查询_武汉_广州_0509,200,OK,150用户_5次_查询 1-83,text,true,,281208,190,74,74,http://localhost:8080/api/train/from/深圳/to/广州/date/2020-05-09,5599,0,1
1589081108474,5594,查询_武汉_广州_0509,200,OK,150用户_5次_查询 1-87,text,true,,281208,190,74,74,http://localhost:8080/api/train/from/深圳/to/广州/date/2020-05-09,5593,0,1
1589081108525,5594,查询_武汉_广州_0509,200,OK,150用户_5次_查询 1-84,text,true,,281208,190,74,74,http://localhost:8080/api/train/from/深圳/to/广州/date/2020-05-09,5593,0,1
1589081108584,5589,查询_武汉_广州_0509,200,OK,150用户_5次_查询 1-90,text,true,,281208,190,74,74,http://localhost:8080/api/train/from/深圳/to/广州/date/2020-05-09,5589,0,1
1589081108655,5579,查询_武汉_广州_0509,200,OK,150用户_5次_查询 1-81,text,true,,281208,190,74,74,http://localhost:8080/api/train/from/深圳/to/广州/date/2020-05-09,5578,0,0
1589081108718,5567,查询_武汉_广州_0509,200,OK,150用户_5次_查询 1-68,text,true,,281208,190,74,74,http://localhost:8080/api/train/from/深圳/to/广州/date/2020-05-09,5566,0,0
1589081108778,5568,查询_武汉_广州_0509,200,OK,150用户_5次_查询 1-82,text,true,,281208,190,74,74,http://localhost:8080/api/train/from/深圳/to/广州/date/2020-05-09,5567,0,1
1589081108834,5563,查询_武汉_广州_0509,200,OK,150用户_5次_查询 1-58,text,true,,281208,190,74,74,http://localhost:8080/api/train/from/深圳/to/广州/date/2020-05-09,5561,0,0
1589081108879,5571,查询_武汉_广州_0509,200,OK,150用户_5次_查询 1-64,text,true,,281208,190,74,74,http://localhost:8080/api/train/from/深圳/to/广州/date/2020-05-09,5570,0,1
1589081108932,5569,查询_武汉_广州_0509,200,OK,150用户_5次_查询 1-80,text,true,,281208,190,74,74,http://localhost:8080/api/train/from/深圳/to/广州/date/2020-05-09,5567,0,0
1589081108979,5583,查询_武汉_广州_0509,200,OK,150用户_5次_查询 1-86,text,true,,281208,190,74,74,http://localhost:8080/api/train/from/深圳/to/广州/date/2020-05-09,5582,0,1
1589081109039,5583,查询_武汉_广州_0509,200,OK,150用户_5次_查询 1-79,text,true,,281208,190,74,74,http://localhost:8080/api/train/from/深圳/to/广州/date/2020-05-09,5581,0,1
1589081109098,5573,查询_武汉_广州_0509,200,OK,150用户_5次_查询 1-78,text,true,,281208,190,74,74,http://localhost:8080/api/train/from/深圳/to/广州/date/2020-05-09,5572,0,1
1589081109157,5586,查询_武汉_广州_0509,200,OK,150用户_5次_查询 1-74,text,true,,281208,190,74,74,http://localhost:8080/api/train/from/深圳/to/广州/date/2020-05-09,5584,0,1
1589081109203,5615,查询_武汉_广州_0509,200,OK,150用户_5次_查询 1-77,text,true,,281208,190,74,74,http://localhost:8080/api/train/from/深圳/to/广州/date/2020-05-09,5614,0,0
1589081109266,5611,查询_武汉_广州_0509,200,OK,150用户_5次_查询 1-76,text,true,,281208,190,74,74,http://localhost:8080/api/train/from/深圳/to/广州/date/2020-05-09,5609,0,1
1589081109339,5587,查询_武汉_广州_0509,200,OK,150用户_5次_查询 1-70,text,true,,281208,190,74,74,http://localhost:8080/api/train/from/深圳/to/广州/date/2020-05-09,5586,0,0
1589081109396,5586,查询_武汉_广州_0509,200,OK,150用户_5次_查询 1-73,text,true,,281208,190,74,74,http://localhost:8080/api/train/from/深圳/to/广州/date/2020-05-09,5586,0,1
1589081109442,5587,查询_武汉_广州_0509,200,OK,150用户_5次_查询 1-38,text,true,,281208,190,74,74,http://localhost:8080/api/train/from/深圳/to/广州/date/2020-05-09,5585,0,0
1589081109492,5586,查询_武汉_广州_0509,200,OK,150用户_5次_查询 1-46,text,true,,281208,190,74,74,http://localhost:8080/api/train/from/深圳/to/广州/date/2020-05-09,5586,0,0
1589081109539,5605,查询_武汉_广州_0509,200,OK,150用户_5次_查询 1-69,text,true,,281208,190,74,74,http://localhost:8080/api/train/from/深圳/to/广州/date/2020-05-09,5603,0,1
1589081109608,5592,查询_武汉_广州_0509,200,OK,150用户_5次_查询 1-48,text,true,,281208,190,74,74,http://localhost:8080/api/train/from/深圳/to/广州/date/2020-05-09,5590,0,0
1589081109663,5592,查询_武汉_广州_0509,200,OK,150用户_5次_查询 1-67,text,true,,281208,190,74,74,http://localhost:8080/api/train/from/深圳/to/广州/date/2020-05-09,5592,0,1
1589081109732,5588,查询_武汉_广州_0509,200,OK,150用户_5次_查询 1-65,text,true,,281208,190,74,74,http://localhost:8080/api/train/from/深圳/to/广州/date/2020-05-09,5585,0,1
1589081109808,5585,查询_武汉_广州_0509,200,OK,150用户_5次_查询 1-55,text,true,,281208,190,74,74,http://localhost:8080/api/train/from/深圳/to/广州/date/2020-05-09,5583,0,1
1589081109887,5582,查询_武汉_广州_0509,200,OK,150用户_5次_查询 1-54,text,true,,281208,190,74,74,http://localhost:8080/api/train/from/深圳/to/广州/date/2020-05-09,5581,0,1
1589081109948,5622,查询_武汉_广州_0509,200,OK,150用户_5次_查询 1-75,text,true,,281208,190,74,74,http://localhost:8080/api/train/from/深圳/to/广州/date/2020-05-09,5620,0,1
1589081109994,5652,查询_武汉_广州_0509,200,OK,150用户_5次_查询 1-57,text,true,,281208,190,74,74,http://localhost:8080/api/train/from/深圳/to/广州/date/2020-05-09,5651,0,1
1589081110041,5676,查询_武汉_广州_0509,200,OK,150用户_5次_查询 1-49,text,true,,281208,190,74,74,http://localhost:8080/api/train/from/深圳/to/广州/date/2020-05-09,5674,0,0
1589081110092,5698,查询_武汉_广州_0509,200,OK,150用户_5次_查询 1-50,text,true,,281208,190,74,74,http://localhost:8080/api/train/from/深圳/to/广州/date/2020-05-09,5696,0,1
1589081110143,5694,查询_武汉_广州_0509,200,OK,150用户_5次_查询 1-52,text,true,,281208,190,74,74,http://localhost:8080/api/train/from/深圳/to/广州/date/2020-05-09,5693,0,0
1589081110207,5694,查询_武汉_广州_0509,200,OK,150用户_5次_查询 1-51,text,true,,281208,190,74,74,http://localhost:8080/api/train/from/深圳/to/广州/date/2020-05-09,5692,0,1
1589081110275,5670,查询_武汉_广州_0509,200,OK,150用户_5次_查询 1-53,text,true,,281208,190,74,74,http://localhost:8080/api/train/from/深圳/to/广州/date/2020-05-09,5669,0,0
1589081110343,5652,查询_武汉_广州_0509,200,OK,150用户_5次_查询 1-61,text,true,,281208,190,74,74,http://localhost:8080/api/train/from/深圳/to/广州/date/2020-05-09,5652,0,0
1589081110395,5650,查询_武汉_广州_0509,200,OK,150用户_5次_查询 1-63,text,true,,281208,190,74,74,http://localhost:8080/api/train/from/深圳/to/广州/date/2020-05-09,5650,0,1
1589081110447,5641,查询_武汉_广州_0509,200,OK,150用户_5次_查询 1-62,text,true,,281208,190,74,74,http://localhost:8080/api/train/from/深圳/to/广州/date/2020-05-09,5641,0,0
1589081110501,5638,查询_武汉_广州_0509,200,OK,150用户_5次_查询 1-66,text,true,,281208,190,74,74,http://localhost:8080/api/train/from/深圳/to/广州/date/2020-05-09,5638,0,1
1589081110574,5612,查询_武汉_广州_0509,200,OK,150用户_5次_查询 1-71,text,true,,281208,190,74,74,http://localhost:8080/api/train/from/深圳/to/广州/date/2020-05-09,5611,0,1
1589081110654,5584,查询_武汉_广州_0509,200,OK,150用户_5次_查询 1-34,text,true,,281208,190,74,74,http://localhost:8080/api/train/from/深圳/to/广州/date/2020-05-09,5584,0,1
1589081110736,5557,查询_武汉_广州_0509,200,OK,150用户_5次_查询 1-31,text,true,,281208,190,74,74,http://localhost:8080/api/train/from/深圳/to/广州/date/2020-05-09,5556,0,1
1589081110803,5550,查询_武汉_广州_0509,200,OK,150用户_5次_查询 1-60,text,true,,281208,190,74,74,http://localhost:8080/api/train/from/深圳/to/广州/date/2020-05-09,5550,0,1
1589081110863,5543,查询_武汉_广州_0509,200,OK,150用户_5次_查询 1-26,text,true,,281208,190,74,74,http://localhost:8080/api/train/from/深圳/to/广州/date/2020-05-09,5543,0,1
1589081112247,4215,查询_武汉_广州_0509,200,OK,150用户_5次_查询 1-100,text,true,,281208,190,73,73,http://localhost:8080/api/train/from/深圳/to/广州/date/2020-05-09,4214,0,0
1589081112307,4211,查询_武汉_广州_0509,200,OK,150用户_5次_查询 1-98,text,true,,281208,190,73,73,http://localhost:8080/api/train/from/深圳/to/广州/date/2020-05-09,4210,0,1
1589081112357,4210,查询_武汉_广州_0509,200,OK,150用户_5次_查询 1-96,text,true,,281208,190,73,73,http://localhost:8080/api/train/from/深圳/to/广州/date/2020-05-09,4209,0,0
1589081112412,4215,查询_武汉_广州_0509,200,OK,150用户_5次_查询 1-95,text,true,,281208,190,73,73,http://localhost:8080/api/train/from/深圳/to/广州/date/2020-05-09,4215,0,0
1589081112470,4227,查询_武汉_广州_0509,200,OK,150用户_5次_查询 1-99,text,true,,281208,190,73,73,http://localhost:8080/api/train/from/深圳/to/广州/date/2020-05-09,4226,0,1
1589081112517,4242,查询_武汉_广州_0509,200,OK,150用户_5次_查询 1-94,text,true,,281208,190,73,73,http://localhost:8080/api/train/from/深圳/to/广州/date/2020-05-09,4241,0,1
1589081112564,4256,查询_武汉_广州_0509,200,OK,150用户_5次_查询 1-97,text,true,,281208,190,73,73,http://localhost:8080/api/train/from/深圳/to/广州/date/2020-05-09,4255,0,1
1589081112628,4251,查询_武汉_广州_0509,200,OK,150用户_5次_查询 1-93,text,true,,281208,190,73,73,http://localhost:8080/api/train/from/深圳/to/广州/date/2020-05-09,4251,0,0
1589081112761,4175,查询_武汉_广州_0509,200,OK,150用户_5次_查询 1-92,text,true,,281208,190,73,73,http://localhost:8080/api/train/from/深圳/to/广州/date/2020-05-09,4174,0,1
1589081112814,4197,查询_武汉_广州_0509,200,OK,150用户_5次_查询 1-88,text,true,,281208,190,73,73,http://localhost:8080/api/train/from/深圳/to/广州/date/2020-05-09,4166,0,0
1589081112877,4188,查询_武汉_广州_0509,200,OK,150用户_5次_查询 1-37,text,true,,281208,190,73,73,http://localhost:8080/api/train/from/深圳/to/广州/date/2020-05-09,4187,0,1
1589081112935,4173,查询_武汉_广州_0509,200,OK,150用户_5次_查询 1-44,text,true,,281208,190,73,73,http://localhost:8080/api/train/from/深圳/to/广州/date/2020-05-09,4173,0,0
1589081112985,4169,查询_武汉_广州_0509,200,OK,150用户_5次_查询 1-47,text,true,,281208,190,73,73,http://localhost:8080/api/train/from/深圳/to/广州/date/2020-05-09,4169,0,0
1589081113043,4152,查询_武汉_广州_0509,200,OK,150用户_5次_查询 1-39,text,true,,281208,190,73,73,http://localhost:8080/api/train/from/深圳/to/广州/date/2020-05-09,4152,0,1
1589081113092,4154,查询_武汉_广州_0509,200,OK,150用户_5次_查询 1-45,text,true,,281208,190,73,73,http://localhost:8080/api/train/from/深圳/to/广州/date/2020-05-09,4153,0,0
1589081113146,4163,查询_武汉_广州_0509,200,OK,150用户_5次_查询 1-36,text,true,,281208,190,73,73,http://localhost:8080/api/train/from/深圳/to/广州/date/2020-05-09,4162,0,1
1589081113201,4166,查询_武汉_广州_0509,200,OK,150用户_5次_查询 1-56,text,true,,281208,190,73,73,http://localhost:8080/api/train/from/深圳/to/广州/date/2020-05-09,4166,0,0
1589081113252,4167,查询_武汉_广州_0509,200,OK,150用户_5次_查询 1-40,text,true,,281208,190,73,73,http://localhost:8080/api/train/from/深圳/to/广州/date/2020-05-09,4167,0,1
1589081113304,4170,查询_武汉_广州_0509,200,OK,150用户_5次_查询 1-43,text,true,,281208,190,73,73,http://localhost:8080/api/train/from/深圳/to/广州/date/2020-05-09,4169,0,1
1589081113357,4181,查询_武汉_广州_0509,200,OK,150用户_5次_查询 1-35,text,true,,281208,190,73,73,http://localhost:8080/api/train/from/深圳/to/广州/date/2020-05-09,4181,0,1
1589081113402,4189,查询_武汉_广州_0509,200,OK,150用户_5次_查询 1-41,text,true,,281208,190,73,73,http://localhost:8080/api/train/from/深圳/to/广州/date/2020-05-09,4189,0,0
1589081113445,4198,查询_武汉_广州_0509,200,OK,150用户_5次_查询 1-33,text,true,,281208,190,73,73,http://localhost:8080/api/train/from/深圳/to/广州/date/2020-05-09,4198,0,0
1589081113496,4210,查询_武汉_广州_0509,200,OK,150用户_5次_查询 1-42,text,true,,281208,190,73,73,http://localhost:8080/api/train/from/深圳/to/广州/date/2020-05-09,4209,0,1
1589081113543,4246,查询_武汉_广州_0509,200,OK,150用户_5次_查询 1-32,text,true,,281208,190,73,73,http://localhost:8080/api/train/from/深圳/to/广州/date/2020-05-09,4246,0,1
1589081113597,4240,查询_武汉_广州_0509,200,OK,150用户_5次_查询 1-29,text,true,,281208,190,73,73,http://localhost:8080/api/train/from/深圳/to/广州/date/2020-05-09,4240,0,1
1589081113647,4238,查询_武汉_广州_0509,200,OK,150用户_5次_查询 1-27,text,true,,281208,190,73,73,http://localhost:8080/api/train/from/深圳/to/广州/date/2020-05-09,4237,0,1
1589081113701,4239,查询_武汉_广州_0509,200,OK,150用户_5次_查询 1-91,text,true,,281208,190,73,73,http://localhost:8080/api/train/from/深圳/to/广州/date/2020-05-09,4238,0,1
1589081113758,4228,查询_武汉_广州_0509,200,OK,150用户_5次_查询 1-30,text,true,,281208,190,73,73,http://localhost:8080/api/train/from/深圳/to/广州/date/2020-05-09,4228,0,0
1589081113809,4230,查询_武汉_广州_0509,200,OK,150用户_5次_查询 1-59,text,true,,281208,190,73,73,http://localhost:8080/api/train/from/深圳/to/广州/date/2020-05-09,4230,0,0
1589081113869,4216,查询_武汉_广州_0509,200,OK,150用户_5次_查询 1-72,text,true,,281208,190,73,73,http://localhost:8080/api/train/from/深圳/to/广州/date/2020-05-09,4216,0,0
1589081113927,4224,查询_武汉_广州_0509,200,OK,150用户_5次_查询 1-89,text,true,,281208,190,73,73,http://localhost:8080/api/train/from/深圳/to/广州/date/2020-05-09,4223,0,0
1589081113972,4240,查询_武汉_广州_0509,200,OK,150用户_5次_查询 1-85,text,true,,281208,190,73,73,http://localhost:8080/api/train/from/深圳/to/广州/date/2020-05-09,4240,0,1
1589081114023,4245,查询_武汉_广州_0509,200,OK,150用户_5次_查询 1-83,text,true,,281208,190,73,73,http://localhost:8080/api/train/from/深圳/to/广州/date/2020-05-09,4244,0,1
1589081114068,4247,查询_武汉_广州_0509,200,OK,150用户_5次_查询 1-87,text,true,,281208,190,73,73,http://localhost:8080/api/train/from/深圳/to/广州/date/2020-05-09,4246,0,0
1589081114119,4245,查询_武汉_广州_0509,200,OK,150用户_5次_查询 1-84,text,true,,281208,190,73,73,http://localhost:8080/api/train/from/深圳/to/广州/date/2020-05-09,4244,0,1
1589081114174,4239,查询_武汉_广州_0509,200,OK,150用户_5次_查询 1-90,text,true,,281208,190,73,73,http://localhost:8080/api/train/from/深圳/to/广州/date/2020-05-09,4238,0,0
1589081114234,4235,查询_武汉_广州_0509,200,OK,150用户_5次_查询 1-81,text,true,,281208,190,73,73,http://localhost:8080/api/train/from/深圳/to/广州/date/2020-05-09,4234,0,1
1589081114285,4250,查询_武汉_广州_0509,200,OK,150用户_5次_查询 1-68,text,true,,281208,190,73,73,http://localhost:8080/api/train/from/深圳/to/广州/date/2020-05-09,4249,0,1
1589081114346,4266,查询_武汉_广州_0509,200,OK,150用户_5次_查询 1-82,text,true,,281208,190,73,73,http://localhost:8080/api/train/from/深圳/to/广州/date/2020-05-09,4266,0,1
1589081114397,4286,查询_武汉_广州_0509,200,OK,150用户_5次_查询 1-58,text,true,,281208,190,73,73,http://localhost:8080/api/train/from/深圳/to/广州/date/2020-05-09,4286,0,1
1589081114450,4321,查询_武汉_广州_0509,200,OK,150用户_5次_查询 1-64,text,true,,281208,190,73,73,http://localhost:8080/api/train/from/深圳/to/广州/date/2020-05-09,4321,0,1
1589081114501,4318,查询_武汉_广州_0509,200,OK,150用户_5次_查询 1-80,text,true,,281208,190,73,73,http://localhost:8080/api/train/from/深圳/to/广州/date/2020-05-09,4318,0,1
1589081114562,4324,查询_武汉_广州_0509,200,OK,150用户_5次_查询 1-86,text,true,,281208,190,73,73,http://localhost:8080/api/train/from/深圳/to/广州/date/2020-05-09,4323,0,1
1589081114622,4317,查询_武汉_广州_0509,200,OK,150用户_5次_查询 1-79,text,true,,281208,190,73,73,http://localhost:8080/api/train/from/深圳/to/广州/date/2020-05-09,4317,0,0
1589081114671,4320,查询_武汉_广州_0509,200,OK,150用户_5次_查询 1-78,text,true,,281208,190,73,73,http://localhost:8080/api/train/from/深圳/to/广州/date/2020-05-09,4320,0,0
1589081114743,4308,查询_武汉_广州_0509,200,OK,150用户_5次_查询 1-74,text,true,,281208,190,73,73,http://localhost:8080/api/train/from/深圳/to/广州/date/2020-05-09,4308,0,1
1589081114819,4272,查询_武汉_广州_0509,200,OK,150用户_5次_查询 1-77,text,true,,281208,190,73,73,http://localhost:8080/api/train/from/深圳/to/广州/date/2020-05-09,4272,0,0
1589081114877,4265,查询_武汉_广州_0509,200,OK,150用户_5次_查询 1-76,text,true,,281208,190,73,73,http://localhost:8080/api/train/from/深圳/to/广州/date/2020-05-09,4264,0,0
1589081114927,4266,查询_武汉_广州_0509,200,OK,150用户_5次_查询 1-70,text,true,,281208,190,73,73,http://localhost:8080/api/train/from/深圳/to/广州/date/2020-05-09,4266,0,0
1589081114982,4289,查询_武汉_广州_0509,200,OK,150用户_5次_查询 1-73,text,true,,281208,190,73,73,http://localhost:8080/api/train/from/深圳/to/广州/date/2020-05-09,4288,0,1
1589081115029,4319,查询_武汉_广州_0509,200,OK,150用户_5次_查询 1-38,text,true,,281208,190,73,73,http://localhost:8080/api/train/from/深圳/to/广州/date/2020-05-09,4318,0,1
1589081115079,4345,查询_武汉_广州_0509,200,OK,150用户_5次_查询 1-46,text,true,,281208,190,73,73,http://localhost:8080/api/train/from/深圳/to/广州/date/2020-05-09,4344,0,0
1589081115144,4359,查询_武汉_广州_0509,200,OK,150用户_5次_查询 1-69,text,true,,281208,190,73,73,http://localhost:8080/api/train/from/深圳/to/广州/date/2020-05-09,4359,0,0
1589081115200,4375,查询_武汉_广州_0509,200,OK,150用户_5次_查询 1-48,text,true,,281208,190,73,73,http://localhost:8080/api/train/from/深圳/to/广州/date/2020-05-09,4375,0,1
1589081115255,4387,查询_武汉_广州_0509,200,OK,150用户_5次_查询 1-67,text,true,,281208,190,73,73,http://localhost:8080/api/train/from/深圳/to/广州/date/2020-05-09,4386,0,1
1589081115320,4381,查询_武汉_广州_0509,200,OK,150用户_5次_查询 1-65,text,true,,281208,190,73,73,http://localhost:8080/api/train/from/深圳/to/广州/date/2020-05-09,4380,0,0
1589081115393,4394,查询_武汉_广州_0509,200,OK,150用户_5次_查询 1-55,text,true,,281208,190,73,73,http://localhost:8080/api/train/from/深圳/to/广州/date/2020-05-09,4394,0,0
1589081115469,4402,查询_武汉_广州_0509,200,OK,150用户_5次_查询 1-54,text,true,,281208,190,73,73,http://localhost:8080/api/train/from/深圳/to/广州/date/2020-05-09,4402,0,1
1589081115570,4388,查询_武汉_广州_0509,200,OK,150用户_5次_查询 1-75,text,true,,281208,190,73,73,http://localhost:8080/api/train/from/深圳/to/广州/date/2020-05-09,4388,0,1
1589081115646,4397,查询_武汉_广州_0509,200,OK,150用户_5次_查询 1-57,text,true,,281208,190,73,73,http://localhost:8080/api/train/from/深圳/to/广州/date/2020-05-09,4397,0,1
1589081115717,4398,查询_武汉_广州_0509,200,OK,150用户_5次_查询 1-49,text,true,,281208,190,73,73,http://localhost:8080/api/train/from/深圳/to/广州/date/2020-05-09,4397,0,1
1589081115790,4393,查询_武汉_广州_0509,200,OK,150用户_5次_查询 1-50,text,true,,281208,190,73,73,http://localhost:8080/api/train/from/深圳/to/广州/date/2020-05-09,4392,0,0
1589081115837,4424,查询_武汉_广州_0509,200,OK,150用户_5次_查询 1-52,text,true,,281208,190,73,73,http://localhost:8080/api/train/from/深圳/to/广州/date/2020-05-09,4424,0,1
1589081115901,4430,查询_武汉_广州_0509,200,OK,150用户_5次_查询 1-51,text,true,,281208,190,73,73,http://localhost:8080/api/train/from/深圳/to/广州/date/2020-05-09,4430,0,0
1589081115945,4462,查询_武汉_广州_0509,200,OK,150用户_5次_查询 1-53,text,true,,281208,190,73,73,http://localhost:8080/api/train/from/深圳/to/广州/date/2020-05-09,4462,0,1
1589081115995,4484,查询_武汉_广州_0509,200,OK,150用户_5次_查询 1-61,text,true,,281208,190,73,73,http://localhost:8080/api/train/from/深圳/to/广州/date/2020-05-09,4483,0,1
1589081116045,4494,查询_武汉_广州_0509,200,OK,150用户_5次_查询 1-63,text,true,,281208,190,73,73,http://localhost:8080/api/train/from/深圳/to/广州/date/2020-05-09,4494,0,1
1589081116088,4517,查询_武汉_广州_0509,200,OK,150用户_5次_查询 1-62,text,true,,281208,190,73,73,http://localhost:8080/api/train/from/深圳/to/广州/date/2020-05-09,4517,0,1
1589081116139,4525,查询_武汉_广州_0509,200,OK,150用户_5次_查询 1-66,text,true,,281208,190,73,73,http://localhost:8080/api/train/from/深圳/to/广州/date/2020-05-09,4525,0,1
1589081116186,4541,查询_武汉_广州_0509,200,OK,150用户_5次_查询 1-71,text,true,,281208,190,73,73,http://localhost:8080/api/train/from/深圳/to/广州/date/2020-05-09,4540,0,0
1589081116238,4553,查询_武汉_广州_0509,200,OK,150用户_5次_查询 1-34,text,true,,281208,190,73,73,http://localhost:8080/api/train/from/深圳/to/广州/date/2020-05-09,4552,0,1
1589081116293,4556,查询_武汉_广州_0509,200,OK,150用户_5次_查询 1-31,text,true,,281208,190,73,73,http://localhost:8080/api/train/from/深圳/to/广州/date/2020-05-09,4556,0,1
1589081116353,4554,查询_武汉_广州_0509,200,OK,150用户_5次_查询 1-60,text,true,,281208,190,73,73,http://localhost:8080/api/train/from/深圳/to/广州/date/2020-05-09,4554,0,1
1589081116462,4504,查询_武汉_广州_0509,200,OK,150用户_5次_查询 1-100,text,true,,281208,190,73,73,http://localhost:8080/api/train/from/深圳/to/广州/date/2020-05-09,4504,0,1
1589081116518,4502,查询_武汉_广州_0509,200,OK,150用户_5次_查询 1-98,text,true,,281208,190,73,73,http://localhost:8080/api/train/from/深圳/to/广州/date/2020-05-09,4502,0,1
1589081116567,4501,查询_武汉_广州_0509,200,OK,150用户_5次_查询 1-96,text,true,,281208,190,73,73,http://localhost:8080/api/train/from/深圳/to/广州/date/2020-05-09,4501,0,0
1589081116628,4483,查询_武汉_广州_0509,200,OK,150用户_5次_查询 1-95,text,true,,281208,190,73,73,http://localhost:8080/api/train/from/深圳/to/广州/date/2020-05-09,4483,0,0
1589081116697,4456,查询_武汉_广州_0509,200,OK,150用户_5次_查询 1-99,text,true,,281208,190,73,73,http://localhost:8080/api/train/from/深圳/to/广州/date/2020-05-09,4456,0,4
1589081116759,4433,查询_武汉_广州_0509,200,OK,150用户_5次_查询 1-94,text,true,,281208,190,73,73,http://localhost:8080/api/train/from/深圳/to/广州/date/2020-05-09,4433,0,1
1589081116820,4410,查询_武汉_广州_0509,200,OK,150用户_5次_查询 1-97,text,true,,281208,190,73,73,http://localhost:8080/api/train/from/深圳/to/广州/date/2020-05-09,4410,0,0
1589081116879,4387,查询_武汉_广州_0509,200,OK,150用户_5次_查询 1-93,text,true,,281208,190,73,73,http://localhost:8080/api/train/from/深圳/to/广州/date/2020-05-09,4386,0,1
1589081116936,4374,查询_武汉_广州_0509,200,OK,150用户_5次_查询 1-92,text,true,,281208,190,73,73,http://localhost:8080/api/train/from/深圳/to/广州/date/2020-05-09,4373,0,1
1589081117011,4341,查询_武汉_广州_0509,200,OK,150用户_5次_查询 1-88,text,true,,281208,190,73,73,http://localhost:8080/api/train/from/深圳/to/广州/date/2020-05-09,4341,0,0
1589081117065,4331,查询_武汉_广州_0509,200,OK,150用户_5次_查询 1-37,text,true,,281208,190,73,73,http://localhost:8080/api/train/from/深圳/to/广州/date/2020-05-09,4330,0,0
1589081117108,4345,查询_武汉_广州_0509,200,OK,150用户_5次_查询 1-44,text,true,,281208,190,73,73,http://localhost:8080/api/train/from/深圳/to/广州/date/2020-05-09,4345,0,1
1589081117154,4340,查询_武汉_广州_0509,200,OK,150用户_5次_查询 1-47,text,true,,281208,190,73,73,http://localhost:8080/api/train/from/深圳/to/广州/date/2020-05-09,4340,0,1
1589081117195,4352,查询_武汉_广州_0509,200,OK,150用户_5次_查询 1-39,text,true,,281208,190,73,73,http://localhost:8080/api/train/from/深圳/to/广州/date/2020-05-09,4352,0,1
1589081117246,4352,查询_武汉_广州_0509,200,OK,150用户_5次_查询 1-45,text,true,,281208,190,73,73,http://localhost:8080/api/train/from/深圳/to/广州/date/2020-05-09,4352,0,0
1589081117309,4332,查询_武汉_广州_0509,200,OK,150用户_5次_查询 1-36,text,true,,281208,190,73,73,http://localhost:8080/api/train/from/深圳/to/广州/date/2020-05-09,4332,0,0
1589081117367,4324,查询_武汉_广州_0509,200,OK,150用户_5次_查询 1-56,text,true,,281208,190,73,73,http://localhost:8080/api/train/from/深圳/to/广州/date/2020-05-09,4323,0,1
1589081117419,4321,查询_武汉_广州_0509,200,OK,150用户_5次_查询 1-40,text,true,,281208,190,73,73,http://localhost:8080/api/train/from/深圳/to/广州/date/2020-05-09,4320,0,1
1589081117474,4315,查询_武汉_广州_0509,200,OK,150用户_5次_查询 1-43,text,true,,281208,190,73,73,http://localhost:8080/api/train/from/深圳/to/广州/date/2020-05-09,4315,0,1
1589081117539,4299,查询_武汉_广州_0509,200,OK,150用户_5次_查询 1-35,text,true,,281208,190,73,73,http://localhost:8080/api/train/from/深圳/to/广州/date/2020-05-09,4299,0,0
1589081117592,4286,查询_武汉_广州_0509,200,OK,150用户_5次_查询 1-41,text,true,,281208,190,73,73,http://localhost:8080/api/train/from/深圳/to/广州/date/2020-05-09,4285,0,0
1589081117643,4283,查询_武汉_广州_0509,200,OK,150用户_5次_查询 1-33,text,true,,281208,190,73,73,http://localhost:8080/api/train/from/深圳/to/广州/date/2020-05-09,4283,0,1
1589081117706,4259,查询_武汉_广州_0509,200,OK,150用户_5次_查询 1-42,text,true,,281208,190,73,73,http://localhost:8080/api/train/from/深圳/to/广州/date/2020-05-09,4259,0,1
1589081117789,4224,查询_武汉_广州_0509,200,OK,150用户_5次_查询 1-32,text,true,,281208,190,73,73,http://localhost:8080/api/train/from/深圳/to/广州/date/2020-05-09,4224,0,1
1589081117837,4216,查询_武汉_广州_0509,200,OK,150用户_5次_查询 1-29,text,true,,281208,190,73,73,http://localhost:8080/api/train/from/深圳/to/广州/date/2020-05-09,4216,0,1
1589081117885,4213,查询_武汉_广州_0509,200,OK,150用户_5次_查询 1-27,text,true,,281208,190,73,73,http://localhost:8080/api/train/from/深圳/to/广州/date/2020-05-09,4213,0,0
1589081117940,4198,查询_武汉_广州_0509,200,OK,150用户_5次_查询 1-91,text,true,,281208,190,73,73,http://localhost:8080/api/train/from/深圳/to/广州/date/2020-05-09,4198,0,0
1589081117987,4190,查询_武汉_广州_0509,200,OK,150用户_5次_查询 1-30,text,true,,281208,190,73,73,http://localhost:8080/api/train/from/深圳/to/广州/date/2020-05-09,4189,0,0
1589081118038,4172,查询_武汉_广州_0509,200,OK,150用户_5次_查询 1-59,text,true,,281208,190,73,73,http://localhost:8080/api/train/from/深圳/to/广州/date/2020-05-09,4172,0,1
1589081118085,4163,查询_武汉_广州_0509,200,OK,150用户_5次_查询 1-72,text,true,,281208,190,73,73,http://localhost:8080/api/train/from/深圳/to/广州/date/2020-05-09,4163,0,0
1589081118150,4155,查询_武汉_广州_0509,200,OK,150用户_5次_查询 1-89,text,true,,281208,190,73,73,http://localhost:8080/api/train/from/深圳/to/广州/date/2020-05-09,4155,0,1
1589081118211,4149,查询_武汉_广州_0509,200,OK,150用户_5次_查询 1-85,text,true,,281208,190,73,73,http://localhost:8080/api/train/from/深圳/to/广州/date/2020-05-09,4148,0,1
1589081118267,4143,查询_武汉_广州_0509,200,OK,150用户_5次_查询 1-83,text,true,,281208,190,73,73,http://localhost:8080/api/train/from/深圳/to/广州/date/2020-05-09,4143,0,0
1589081118314,4139,查询_武汉_广州_0509,200,OK,150用户_5次_查询 1-87,text,true,,281208,190,73,73,http://localhost:8080/api/train/from/深圳/to/广州/date/2020-05-09,4139,0,0
1589081118363,4130,查询_武汉_广州_0509,200,OK,150用户_5次_查询 1-84,text,true,,281208,190,73,73,http://localhost:8080/api/train/from/深圳/to/广州/date/2020-05-09,4130,0,1
1589081118412,4126,查询_武汉_广州_0509,200,OK,150用户_5次_查询 1-90,text,true,,281208,190,73,73,http://localhost:8080/api/train/from/深圳/to/广州/date/2020-05-09,4126,0,0
1589081118468,4118,查询_武汉_广州_0509,200,OK,150用户_5次_查询 1-81,text,true,,281208,190,73,73,http://localhost:8080/api/train/from/深圳/to/广州/date/2020-05-09,4118,0,0
1589081118534,4096,查询_武汉_广州_0509,200,OK,150用户_5次_查询 1-68,text,true,,281208,190,73,73,http://localhost:8080/api/train/from/深圳/to/广州/date/2020-05-09,4095,0,1
1589081118611,4065,查询_武汉_广州_0509,200,OK,150用户_5次_查询 1-82,text,true,,281208,190,73,73,http://localhost:8080/api/train/from/深圳/to/广州/date/2020-05-09,4064,0,1
1589081118682,4053,查询_武汉_广州_0509,200,OK,150用户_5次_查询 1-58,text,true,,281208,190,73,73,http://localhost:8080/api/train/from/深圳/to/广州/date/2020-05-09,4053,0,1
1589081118771,4014,查询_武汉_广州_0509,200,OK,150用户_5次_查询 1-64,text,true,,281208,190,73,73,http://localhost:8080/api/train/from/深圳/to/广州/date/2020-05-09,4014,0,0
1589081118819,4008,查询_武汉_广州_0509,200,OK,150用户_5次_查询 1-80,text,true,,281208,190,73,73,http://localhost:8080/api/train/from/深圳/to/广州/date/2020-05-09,4007,0,0
1589081118885,3999,查询_武汉_广州_0509,200,OK,150用户_5次_查询 1-86,text,true,,281208,190,73,73,http://localhost:8080/api/train/from/深圳/to/广州/date/2020-05-09,3999,0,1
1589081118938,3988,查询_武汉_广州_0509,200,OK,150用户_5次_查询 1-79,text,true,,281208,190,73,73,http://localhost:8080/api/train/from/深圳/to/广州/date/2020-05-09,3987,0,1
1589081118990,3984,查询_武汉_广州_0509,200,OK,150用户_5次_查询 1-78,text,true,,281208,190,73,73,http://localhost:8080/api/train/from/深圳/to/广州/date/2020-05-09,3983,0,1
1589081119050,3971,查询_武汉_广州_0509,200,OK,150用户_5次_查询 1-74,text,true,,281208,190,73,73,http://localhost:8080/api/train/from/深圳/to/广州/date/2020-05-09,3970,0,1
1589081119090,3977,查询_武汉_广州_0509,200,OK,150用户_5次_查询 1-77,text,true,,281208,190,73,73,http://localhost:8080/api/train/from/深圳/to/广州/date/2020-05-09,3976,0,1
1589081119142,3977,查询_武汉_广州_0509,200,OK,150用户_5次_查询 1-76,text,true,,281208,190,73,73,http://localhost:8080/api/train/from/深圳/to/广州/date/2020-05-09,3977,0,0
1589081119192,3965,查询_武汉_广州_0509,200,OK,150用户_5次_查询 1-70,text,true,,281208,190,73,73,http://localhost:8080/api/train/from/深圳/to/广州/date/2020-05-09,3965,0,1
1589081119270,3930,查询_武汉_广州_0509,200,OK,150用户_5次_查询 1-73,text,true,,281208,190,73,73,http://localhost:8080/api/train/from/深圳/to/广州/date/2020-05-09,3930,0,0
1589081119347,3893,查询_武汉_广州_0509,200,OK,150用户_5次_查询 1-38,text,true,,281208,190,73,73,http://localhost:8080/api/train/from/深圳/to/广州/date/2020-05-09,3893,0,0
1589081119423,3858,查询_武汉_广州_0509,200,OK,150用户_5次_查询 1-46,text,true,,281208,190,73,73,http://localhost:8080/api/train/from/深圳/to/广州/date/2020-05-09,3857,0,1
1589081119502,3817,查询_武汉_广州_0509,200,OK,150用户_5次_查询 1-69,text,true,,281208,190,73,73,http://localhost:8080/api/train/from/深圳/to/广州/date/2020-05-09,3817,0,1
1589081119575,3784,查询_武汉_广州_0509,200,OK,150用户_5次_查询 1-48,text,true,,281208,190,73,73,http://localhost:8080/api/train/from/深圳/to/广州/date/2020-05-09,3783,0,0
1589081119643,3760,查询_武汉_广州_0509,200,OK,150用户_5次_查询 1-67,text,true,,281208,190,73,73,http://localhost:8080/api/train/from/深圳/to/广州/date/2020-05-09,3759,0,0
1589081119700,3736,查询_武汉_广州_0509,200,OK,150用户_5次_查询 1-65,text,true,,281208,190,73,73,http://localhost:8080/api/train/from/深圳/to/广州/date/2020-05-09,3736,0,1
1589081119786,3686,查询_武汉_广州_0509,200,OK,150用户_5次_查询 1-55,text,true,,281208,190,73,73,http://localhost:8080/api/train/from/深圳/to/广州/date/2020-05-09,3685,0,1
1589081119870,3647,查询_武汉_广州_0509,200,OK,150用户_5次_查询 1-54,text,true,,281208,190,73,73,http://localhost:8080/api/train/from/深圳/to/广州/date/2020-05-09,3646,0,1
1589081119957,3603,查询_武汉_广州_0509,200,OK,150用户_5次_查询 1-75,text,true,,281208,190,73,73,http://localhost:8080/api/train/from/深圳/to/广州/date/2020-05-09,3602,0,1
1589081120042,3572,查询_武汉_广州_0509,200,OK,150用户_5次_查询 1-57,text,true,,281208,190,73,73,http://localhost:8080/api/train/from/深圳/to/广州/date/2020-05-09,3572,0,1
1589081120114,3543,查询_武汉_广州_0509,200,OK,150用户_5次_查询 1-49,text,true,,281208,190,73,73,http://localhost:8080/api/train/from/深圳/to/广州/date/2020-05-09,3543,0,0
1589081120182,3524,查询_武汉_广州_0509,200,OK,150用户_5次_查询 1-50,text,true,,281208,190,73,73,http://localhost:8080/api/train/from/深圳/to/广州/date/2020-05-09,3523,0,0
1589081120260,3490,查询_武汉_广州_0509,200,OK,150用户_5次_查询 1-52,text,true,,281208,190,73,73,http://localhost:8080/api/train/from/深圳/to/广州/date/2020-05-09,3489,0,1
1589081120331,3463,查询_武汉_广州_0509,200,OK,150用户_5次_查询 1-51,text,true,,281208,190,73,73,http://localhost:8080/api/train/from/深圳/to/广州/date/2020-05-09,3463,0,0
1589081120407,3428,查询_武汉_广州_0509,200,OK,150用户_5次_查询 1-53,text,true,,281208,190,73,73,http://localhost:8080/api/train/from/深圳/to/广州/date/2020-05-09,3427,0,0
1589081120478,3392,查询_武汉_广州_0509,200,OK,150用户_5次_查询 1-61,text,true,,281208,190,73,73,http://localhost:8080/api/train/from/深圳/to/广州/date/2020-05-09,3392,0,0
1589081120539,3365,查询_武汉_广州_0509,200,OK,150用户_5次_查询 1-63,text,true,,281208,190,73,73,http://localhost:8080/api/train/from/深圳/to/广州/date/2020-05-09,3365,0,0
1589081120605,3339,查询_武汉_广州_0509,200,OK,150用户_5次_查询 1-62,text,true,,281208,190,73,73,http://localhost:8080/api/train/from/深圳/to/广州/date/2020-05-09,3338,0,0
1589081120663,3323,查询_武汉_广州_0509,200,OK,150用户_5次_查询 1-66,text,true,,281208,190,73,73,http://localhost:8080/api/train/from/深圳/to/广州/date/2020-05-09,3322,0,1
1589081120726,3314,查询_武汉_广州_0509,200,OK,150用户_5次_查询 1-71,text,true,,281208,190,73,73,http://localhost:8080/api/train/from/深圳/to/广州/date/2020-05-09,3313,0,1
1589081120790,3297,查询_武汉_广州_0509,200,OK,150用户_5次_查询 1-34,text,true,,281208,190,73,73,http://localhost:8080/api/train/from/深圳/to/广州/date/2020-05-09,3297,0,0
1589081120848,3283,查询_武汉_广州_0509,200,OK,150用户_5次_查询 1-31,text,true,,281208,190,73,73,http://localhost:8080/api/train/from/深圳/to/广州/date/2020-05-09,3283,0,1
1589081120906,3271,查询_武汉_广州_0509,200,OK,150用户_5次_查询 1-60,text,true,,281208,190,73,73,http://localhost:8080/api/train/from/深圳/to/广州/date/2020-05-09,3271,0,1
1589081120966,3249,查询_武汉_广州_0509,200,OK,150用户_5次_查询 1-100,text,true,,281208,190,73,73,http://localhost:8080/api/train/from/深圳/to/广州/date/2020-05-09,3248,0,0
1589081121019,3247,查询_武汉_广州_0509,200,OK,150用户_5次_查询 1-98,text,true,,281208,190,72,72,http://localhost:8080/api/train/from/深圳/to/广州/date/2020-05-09,3246,0,1
1589081121068,3241,查询_武汉_广州_0509,200,OK,150用户_5次_查询 1-96,text,true,,281208,190,71,71,http://localhost:8080/api/train/from/深圳/to/广州/date/2020-05-09,3241,0,0
1589081121110,3249,查询_武汉_广州_0509,200,OK,150用户_5次_查询 1-95,text,true,,281208,190,70,70,http://localhost:8080/api/train/from/深圳/to/广州/date/2020-05-09,3248,0,1
1589081121152,3260,查询_武汉_广州_0509,200,OK,150用户_5次_查询 1-99,text,true,,281208,190,69,69,http://localhost:8080/api/train/from/深圳/to/广州/date/2020-05-09,3260,0,1
1589081121191,3260,查询_武汉_广州_0509,200,OK,150用户_5次_查询 1-94,text,true,,281208,190,68,68,http://localhost:8080/api/train/from/深圳/to/广州/date/2020-05-09,3259,0,1
1589081121229,3261,查询_武汉_广州_0509,200,OK,150用户_5次_查询 1-97,text,true,,281208,190,67,67,http://localhost:8080/api/train/from/深圳/to/广州/date/2020-05-09,3261,0,1
1589081121265,3268,查询_武汉_广州_0509,200,OK,150用户_5次_查询 1-93,text,true,,281208,190,66,66,http://localhost:8080/api/train/from/深圳/to/广州/date/2020-05-09,3268,0,1
1589081121309,3275,查询_武汉_广州_0509,200,OK,150用户_5次_查询 1-92,text,true,,281208,190,65,65,http://localhost:8080/api/train/from/深圳/to/广州/date/2020-05-09,3275,0,0
1589081121351,3285,查询_武汉_广州_0509,200,OK,150用户_5次_查询 1-88,text,true,,281208,190,64,64,http://localhost:8080/api/train/from/深圳/to/广州/date/2020-05-09,3285,0,1
1589081121395,3298,查询_武汉_广州_0509,200,OK,150用户_5次_查询 1-37,text,true,,281208,190,63,63,http://localhost:8080/api/train/from/深圳/to/广州/date/2020-05-09,3297,0,0
1589081121452,3305,查询_武汉_广州_0509,200,OK,150用户_5次_查询 1-44,text,true,,281208,190,62,62,http://localhost:8080/api/train/from/深圳/to/广州/date/2020-05-09,3304,0,1
1589081121493,3317,查询_武汉_广州_0509,200,OK,150用户_5次_查询 1-47,text,true,,281208,190,61,61,http://localhost:8080/api/train/from/深圳/to/广州/date/2020-05-09,3317,0,1
1589081121547,3306,查询_武汉_广州_0509,200,OK,150用户_5次_查询 1-39,text,true,,281208,190,60,60,http://localhost:8080/api/train/from/深圳/to/广州/date/2020-05-09,3305,0,0
1589081121597,3291,查询_武汉_广州_0509,200,OK,150用户_5次_查询 1-45,text,true,,281208,190,59,59,http://localhost:8080/api/train/from/深圳/to/广州/date/2020-05-09,3290,0,1
1589081121642,3289,查询_武汉_广州_0509,200,OK,150用户_5次_查询 1-36,text,true,,281208,190,58,58,http://localhost:8080/api/train/from/深圳/to/广州/date/2020-05-09,3288,0,1
1589081121690,3280,查询_武汉_广州_0509,200,OK,150用户_5次_查询 1-56,text,true,,281208,190,57,57,http://localhost:8080/api/train/from/深圳/to/广州/date/2020-05-09,3280,0,1
1589081121739,3270,查询_武汉_广州_0509,200,OK,150用户_5次_查询 1-40,text,true,,281208,190,56,56,http://localhost:8080/api/train/from/深圳/to/广州/date/2020-05-09,3269,0,1
1589081121788,3259,查询_武汉_广州_0509,200,OK,150用户_5次_查询 1-43,text,true,,281208,190,55,55,http://localhost:8080/api/train/from/深圳/to/广州/date/2020-05-09,3259,0,1
1589081121838,3255,查询_武汉_广州_0509,200,OK,150用户_5次_查询 1-35,text,true,,281208,190,54,54,http://localhost:8080/api/train/from/深圳/to/广州/date/2020-05-09,3255,0,0
1589081121877,3261,查询_武汉_广州_0509,200,OK,150用户_5次_查询 1-41,text,true,,281208,190,53,53,http://localhost:8080/api/train/from/深圳/to/广州/date/2020-05-09,3260,0,0
1589081121925,3267,查询_武汉_广州_0509,200,OK,150用户_5次_查询 1-33,text,true,,281208,190,52,52,http://localhost:8080/api/train/from/深圳/to/广州/date/2020-05-09,3267,0,1
1589081121964,3270,查询_武汉_广州_0509,200,OK,150用户_5次_查询 1-42,text,true,,281208,190,51,51,http://localhost:8080/api/train/from/深圳/to/广州/date/2020-05-09,3269,0,1
1589081122012,3258,查询_武汉_广州_0509,200,OK,150用户_5次_查询 1-32,text,true,,281208,190,50,50,http://localhost:8080/api/train/from/深圳/to/广州/date/2020-05-09,3258,0,0
1589081122052,3254,查询_武汉_广州_0509,200,OK,150用户_5次_查询 1-29,text,true,,281208,190,49,49,http://localhost:8080/api/train/from/深圳/to/广州/date/2020-05-09,3253,0,1
1589081122098,3243,查询_武汉_广州_0509,200,OK,150用户_5次_查询 1-27,text,true,,281208,190,48,48,http://localhost:8080/api/train/from/深圳/to/广州/date/2020-05-09,3242,0,0
1589081122138,3236,查询_武汉_广州_0509,200,OK,150用户_5次_查询 1-91,text,true,,281208,190,47,47,http://localhost:8080/api/train/from/深圳/to/广州/date/2020-05-09,3236,0,0
1589081122176,3240,查询_武汉_广州_0509,200,OK,150用户_5次_查询 1-30,text,true,,281208,190,46,46,http://localhost:8080/api/train/from/深圳/to/广州/date/2020-05-09,3239,0,0
1589081122211,3240,查询_武汉_广州_0509,200,OK,150用户_5次_查询 1-59,text,true,,281208,190,45,45,http://localhost:8080/api/train/from/深圳/to/广州/date/2020-05-09,3240,0,0
1589081122248,3244,查询_武汉_广州_0509,200,OK,150用户_5次_查询 1-72,text,true,,281208,190,44,44,http://localhost:8080/api/train/from/深圳/to/广州/date/2020-05-09,3244,0,1
1589081122305,3228,查询_武汉_广州_0509,200,OK,150用户_5次_查询 1-89,text,true,,281208,190,43,43,http://localhost:8080/api/train/from/深圳/to/广州/date/2020-05-09,3228,0,1
1589081122360,3210,查询_武汉_广州_0509,200,OK,150用户_5次_查询 1-85,text,true,,281208,190,42,42,http://localhost:8080/api/train/from/深圳/to/广州/date/2020-05-09,3210,0,1
1589081122410,3214,查询_武汉_广州_0509,200,OK,150用户_5次_查询 1-83,text,true,,281208,190,41,41,http://localhost:8080/api/train/from/深圳/to/广州/date/2020-05-09,3214,0,1
1589081122453,3223,查询_武汉_广州_0509,200,OK,150用户_5次_查询 1-87,text,true,,281208,190,40,40,http://localhost:8080/api/train/from/深圳/to/广州/date/2020-05-09,3222,0,1
1589081122494,3230,查询_武汉_广州_0509,200,OK,150用户_5次_查询 1-84,text,true,,281208,190,39,39,http://localhost:8080/api/train/from/深圳/to/广州/date/2020-05-09,3230,0,0
1589081122538,3231,查询_武汉_广州_0509,200,OK,150用户_5次_查询 1-90,text,true,,281208,190,38,38,http://localhost:8080/api/train/from/深圳/to/广州/date/2020-05-09,3231,0,1
1589081122586,3223,查询_武汉_广州_0509,200,OK,150用户_5次_查询 1-81,text,true,,281208,190,37,37,http://localhost:8080/api/train/from/深圳/to/广州/date/2020-05-09,3223,0,1
1589081122630,3224,查询_武汉_广州_0509,200,OK,150用户_5次_查询 1-68,text,true,,281208,190,36,36,http://localhost:8080/api/train/from/深圳/to/广州/date/2020-05-09,3223,0,0
1589081122676,3213,查询_武汉_广州_0509,200,OK,150用户_5次_查询 1-82,text,true,,281208,190,35,35,http://localhost:8080/api/train/from/深圳/to/广州/date/2020-05-09,3213,0,1
1589081122735,3192,查询_武汉_广州_0509,200,OK,150用户_5次_查询 1-58,text,true,,281208,190,34,34,http://localhost:8080/api/train/from/深圳/to/广州/date/2020-05-09,3191,0,1
1589081122785,3183,查询_武汉_广州_0509,200,OK,150用户_5次_查询 1-64,text,true,,281208,190,33,33,http://localhost:8080/api/train/from/深圳/to/广州/date/2020-05-09,3182,0,1
1589081122827,3176,查询_武汉_广州_0509,200,OK,150用户_5次_查询 1-80,text,true,,281208,190,32,32,http://localhost:8080/api/train/from/深圳/to/广州/date/2020-05-09,3176,0,0
1589081122884,3159,查询_武汉_广州_0509,200,OK,150用户_5次_查询 1-86,text,true,,281208,190,31,31,http://localhost:8080/api/train/from/深圳/to/广州/date/2020-05-09,3159,0,1
1589081122926,3162,查询_武汉_广州_0509,200,OK,150用户_5次_查询 1-79,text,true,,281208,190,30,30,http://localhost:8080/api/train/from/深圳/to/广州/date/2020-05-09,3161,0,1
1589081122974,3150,查询_武汉_广州_0509,200,OK,150用户_5次_查询 1-78,text,true,,281208,190,29,29,http://localhost:8080/api/train/from/深圳/to/广州/date/2020-05-09,3149,0,0
1589081123022,3147,查询_武汉_广州_0509,200,OK,150用户_5次_查询 1-74,text,true,,281208,190,28,28,http://localhost:8080/api/train/from/深圳/to/广州/date/2020-05-09,3147,0,0
1589081123068,3148,查询_武汉_广州_0509,200,OK,150用户_5次_查询 1-77,text,true,,281208,190,27,27,http://localhost:8080/api/train/from/深圳/to/广州/date/2020-05-09,3147,0,1
1589081123120,3142,查询_武汉_广州_0509,200,OK,150用户_5次_查询 1-76,text,true,,281208,190,26,26,http://localhost:8080/api/train/from/深圳/to/广州/date/2020-05-09,3142,0,1
1589081123159,3147,查询_武汉_广州_0509,200,OK,150用户_5次_查询 1-70,text,true,,281208,190,25,25,http://localhost:8080/api/train/from/深圳/to/广州/date/2020-05-09,3146,0,0
1589081123201,3145,查询_武汉_广州_0509,200,OK,150用户_5次_查询 1-73,text,true,,281208,190,24,24,http://localhost:8080/api/train/from/深圳/to/广州/date/2020-05-09,3144,0,1
1589081123241,3138,查询_武汉_广州_0509,200,OK,150用户_5次_查询 1-38,text,true,,281208,190,23,23,http://localhost:8080/api/train/from/深圳/to/广州/date/2020-05-09,3137,0,1
1589081123282,3142,查询_武汉_广州_0509,200,OK,150用户_5次_查询 1-46,text,true,,281208,190,22,22,http://localhost:8080/api/train/from/深圳/to/广州/date/2020-05-09,3142,0,0
1589081123320,3138,查询_武汉_广州_0509,200,OK,150用户_5次_查询 1-69,text,true,,281208,190,21,21,http://localhost:8080/api/train/from/深圳/to/广州/date/2020-05-09,3137,0,1
1589081123360,3135,查询_武汉_广州_0509,200,OK,150用户_5次_查询 1-48,text,true,,281208,190,20,20,http://localhost:8080/api/train/from/深圳/to/广州/date/2020-05-09,3134,0,0
1589081123404,3128,查询_武汉_广州_0509,200,OK,150用户_5次_查询 1-67,text,true,,281208,190,19,19,http://localhost:8080/api/train/from/深圳/to/广州/date/2020-05-09,3128,0,0
1589081123437,3133,查询_武汉_广州_0509,200,OK,150用户_5次_查询 1-65,text,true,,281208,190,18,18,http://localhost:8080/api/train/from/深圳/to/广州/date/2020-05-09,3132,0,1
1589081123473,3137,查询_武汉_广州_0509,200,OK,150用户_5次_查询 1-55,text,true,,281208,190,17,17,http://localhost:8080/api/train/from/深圳/to/广州/date/2020-05-09,3136,0,0
1589081123518,3129,查询_武汉_广州_0509,200,OK,150用户_5次_查询 1-54,text,true,,281208,190,16,16,http://localhost:8080/api/train/from/深圳/to/广州/date/2020-05-09,3128,0,0
1589081123561,3131,查询_武汉_广州_0509,200,OK,150用户_5次_查询 1-75,text,true,,281208,190,15,15,http://localhost:8080/api/train/from/深圳/to/广州/date/2020-05-09,3131,0,0
1589081123615,3140,查询_武汉_广州_0509,200,OK,150用户_5次_查询 1-57,text,true,,281208,190,14,14,http://localhost:8080/api/train/from/深圳/to/广州/date/2020-05-09,3139,0,1
1589081123658,3147,查询_武汉_广州_0509,200,OK,150用户_5次_查询 1-49,text,true,,281208,190,13,13,http://localhost:8080/api/train/from/深圳/to/广州/date/2020-05-09,3147,0,1
1589081123707,3142,查询_武汉_广州_0509,200,OK,150用户_5次_查询 1-50,text,true,,281208,190,12,12,http://localhost:8080/api/train/from/深圳/to/广州/date/2020-05-09,3141,0,0
1589081123751,3138,查询_武汉_广州_0509,200,OK,150用户_5次_查询 1-52,text,true,,281208,190,11,11,http://localhost:8080/api/train/from/深圳/to/广州/date/2020-05-09,3137,0,0
1589081123795,3138,查询_武汉_广州_0509,200,OK,150用户_5次_查询 1-51,text,true,,281208,190,10,10,http://localhost:8080/api/train/from/深圳/to/广州/date/2020-05-09,3138,0,1
1589081123836,3147,查询_武汉_广州_0509,200,OK,150用户_5次_查询 1-53,text,true,,281208,190,9,9,http://localhost:8080/api/train/from/深圳/to/广州/date/2020-05-09,3147,0,0
1589081123871,3158,查询_武汉_广州_0509,200,OK,150用户_5次_查询 1-61,text,true,,281208,190,8,8,http://localhost:8080/api/train/from/深圳/to/广州/date/2020-05-09,3158,0,1
1589081123905,3168,查询_武汉_广州_0509,200,OK,150用户_5次_查询 1-63,text,true,,281208,190,7,7,http://localhost:8080/api/train/from/深圳/to/广州/date/2020-05-09,3168,0,1
1589081123945,3180,查询_武汉_广州_0509,200,OK,150用户_5次_查询 1-62,text,true,,281208,190,6,6,http://localhost:8080/api/train/from/深圳/to/广州/date/2020-05-09,3180,0,0
1589081123987,3183,查询_武汉_广州_0509,200,OK,150用户_5次_查询 1-66,text,true,,281208,190,5,5,http://localhost:8080/api/train/from/深圳/to/广州/date/2020-05-09,3183,0,0
1589081124041,3187,查询_武汉_广州_0509,200,OK,150用户_5次_查询 1-71,text,true,,281208,190,4,4,http://localhost:8080/api/train/from/深圳/to/广州/date/2020-05-09,3186,0,1
1589081124088,3191,查询_武汉_广州_0509,200,OK,150用户_5次_查询 1-34,text,true,,281208,190,3,3,http://localhost:8080/api/train/from/深圳/to/广州/date/2020-05-09,3190,0,1
1589081124132,3185,查询_武汉_广州_0509,200,OK,150用户_5次_查询 1-31,text,true,,281208,190,2,2,http://localhost:8080/api/train/from/深圳/to/广州/date/2020-05-09,3185,0,1
1589081124178,3189,查询_武汉_广州_0509,200,OK,150用户_5次_查询 1-60,text,true,,281208,190,1,1,http://localhost:8080/api/train/from/深圳/to/广州/date/2020-05-09,3188,0,1
